state,NomeEntidade,NumFistel,NumServico,NumAto,NumEstacao,EnderecoEstacao,EndComplemento,SiglaUf,CodMunicipio,DesignacaoEmissao,Tecnologia,tipoTecnologia,meioAcesso,FreqTxMHz,FreqRxMHz,Azimute,CodTipoClasseEstacao,ClassInfraFisica,CompartilhamentoInfraFisica,CodTipoAntena,CodEquipamentoAntena,GanhoAntena,FrenteCostaAntena,AnguloMeiaPotenciaAntena,AnguloElevacao,Polarizacao,AlturaAntena,CodEquipamentoTransmissor,PotenciaTransmissorWatts,Latitude,Longitude,CodDebitoTFI,DataLicenciamento,DataPrimeiroLicenciamento,NumRede,_id,DataValidade,NumFistelAssociado,NomeEntidadeAssociado,Municipio.NomeMunicipio
LIC-LIC-01,CLARO S.A.,50409307637,010,105752021,690458991,AV ALCINDO CACELA,,PA,1501402,100MG7W,NR,SA-NSA,,3350,3350,0,FB,,,760,,24,28,13,-2.5,X,41,163992101350,200,-1.44694,-48.47781,G,2023-09-06,2006-06-19,,378dd5f8be8b0703,2027-10-18,,,Belém
LIC-LIC-01,CLARO S.A.,50409307637,010,105752021,690458991,AV ALCINDO CACELA,,PA,1501402,100MG7W,NR,SA-NSA,,3350,3350,140,FB,,,760,,24,28,13,-2.5,X,41,163992101350,200,-1.44694,-48.47781,G,2023-09-06,2006-06-19,,378dd5f8be8b0704,2027-10-18,,,Belém
LIC-LIC-01,CLARO S.A.,50409307637,010,105752021,690458991,AV ALCINDO CACELA,,PA,1501402,100MG7W,NR,SA-NSA,,3350,3350,250,FB,,,760,,24,28,13,-2.5,X,41,163992101350,200,-1.44694,-48.47781,G,2023-09-06,2006-06-19,,378dd5f8be8b0705,2027-10-18,,,Belém
LIC-LIC-01,CLARO S.A.,50409307637,010,105752021,690462980,AV GENTIL BITTENCOURT,,PA,1501402,40M0G7W,NR,SA-NSA,,3350,3350,100,FB,,,760,,24,28,13,-4,X,63.5,163992101350,200,-1.45444,-48.47305,G,2023-09-05,2008-07-08,,378dd5f8be8b078d,2027-08-25,,,Belém
LIC-LIC-01,CLARO S.A.,50409307637,010,105752021,690462980,AV GENTIL BITTENCOURT,,PA,1501402,40M0G7W,NR,SA-NSA,,3350,3350,220,FB,,,760,,24,28,13,-5,X,63.5,163992101350,200,-1.45444,-48.47305,G,2023-09-05,2008-07-08,,378dd5f8be8b078e,2027-08-25,,,Belém
LIC-LIC-01,CLARO S.A.,50409307637,010,105752021,690462980,AV GENTIL BITTENCOURT,,PA,1501402,40M0G7W,NR,SA-NSA,,3350,3350,340,FB,,,760,,24,28,13,-4,X,63.5,163992101350,200,-1.45444,-48.47305,G,2023-09-05,2008-07-08,,378dd5f8be8b078f,2027-08-25,,,Belém
LIC-LIC-01,CLARO S.A.,50409307637,010,105752021,690463910,R ANTÔNIO BARRETO,,PA,1501402,100MG7W,NR,SA-NSA,,3350,3350,0,FB,,,760,,24,28,13,-2,X,50,163992101350,200,-1.4425,-48.47305,G,2023-09-05,2008-07-08,,378dd5f8be8b07a2,2027-08-25,,,Belém
LIC-LIC-01,CLARO S.A.,50409307637,010,105752021,690463910,R ANTÔNIO BARRETO,,PA,1501402,100MG7W,NR,SA-NSA,,3350,3350,120,FB,,,760,,24,28,13,-3,X,50,163992101350,200,-1.4425,-48.47305,G,2023-09-05,2008-07-08,,378dd5f8be8b07a3,2027-08-25,,,Belém
LIC-LIC-01,CLARO S.A.,50409307637,010,105752021,690463910,R ANTÔNIO BARRETO,,PA,1501402,100MG7W,NR,SA-NSA,,3350,3350,240,FB,,,760,,24,28,13,-2,X,50,163992101350,200,-1.4425,-48.47305,G,2023-09-05,2008-07-08,,378dd5f8be8b07a4,2027-08-25,,,Belém
LIC-LIC-01,CLARO S.A.,50409307637,010,105752021,692409572,R DOS MUNDURUCUS,CONDOMÍNIO EDIFICIO METROPOLITAN TOWER,PA,1501402,40M0G7W,NR,SA-NSA,,3350,3350,30,FB,,,760,,24,28,13,0,X,101,163992101350,200,-1.4584,-48.4778,G,2023-09-06,2010-06-24,,378dd5f8be8b0a99,2027-10-18,,,Belém
LIC-LIC-01,CLARO S.A.,50409307637,010,105752021,692409572,R DOS MUNDURUCUS,CONDOMÍNIO EDIFICIO METROPOLITAN TOWER,PA,1501402,40M0G7W,NR,SA-NSA,,3350,3350,150,FB,,,760,,24,28,13,0,X,101,163992101350,200,-1.4584,-48.4778,G,2023-09-06,2010-06-24,,378dd5f8be8b0a9a,2027-10-18,,,Belém
LIC-LIC-01,CLARO S.A.,50409307637,010,105752021,692409572,R DOS MUNDURUCUS,CONDOMÍNIO EDIFICIO METROPOLITAN TOWER,PA,1501402,40M0G7W,NR,SA-NSA,,3350,3350,270,FB,,,760,,24,28,13,0,X,101,163992101350,200,-1.4584,-48.4778,G,2023-09-06,2010-06-24,,378dd5f8be8b0a9b,2027-10-18,,,Belém
LIC-LIC-01,CLARO S.A.,50409307637,010,105752021,692257349,AV NAZARE,,PA,1501402,100MG7W,NR,SA-NSA,,3350,3350,80,FB,,,760,,24,28,13,0,X,64,163992101350,200,-1.45187,-48.48085,G,2023-07-07,2010-04-06,,378dd5f8be8b0b8c,2032-12-22,,,Belém
LIC-LIC-01,CLARO S.A.,50409307637,010,105752021,692257349,AV NAZARE,,PA,1501402,100MG7W,NR,SA-NSA,,3350,3350,200,FB,,,760,,24,28,13,0,X,64,163992101350,200,-1.45187,-48.48085,G,2023-07-07,2010-04-06,,378dd5f8be8b0b8d,2032-12-22,,,Belém
LIC-LIC-01,CLARO S.A.,50409307637,010,105752021,692257349,AV NAZARE,,PA,1501402,100MG7W,NR,SA-NSA,,3350,3350,300,FB,,,760,,24,28,13,0,X,64,163992101350,200,-1.45187,-48.48085,G,2023-07-07,2010-04-06,,378dd5f8be8b0b8e,2032-12-22,,,Belém
LIC-LIC-01,CLARO S.A.,50409307637,010,105752021,690464010,PSG JOÃO BALBI,,PA,1501402,50M0G7W,NR,SA-NSA,,2325,2325,60,FB,,,760,,23,28,13,-1.5,X,44,049362201350,240,-1.44647,-48.47159,G,2023-09-06,2008-07-08,,6015d5f8011804d9,2027-10-18,,,Belém
LIC-LIC-01,CLARO S.A.,50409307637,010,105752021,690464010,PSG JOÃO BALBI,,PA,1501402,50M0G7W,NR,SA-NSA,,2325,2325,180,FB,,,760,,23,28,13,-1.5,X,44,049362201350,240,-1.44647,-48.47159,G,2023-09-06,2008-07-08,,6015d5f8011804da,2027-10-18,,,Belém
LIC-LIC-01,CLARO S.A.,50409307637,010,105752021,690464010,PSG JOÃO BALBI,,PA,1501402,50M0G7W,NR,SA-NSA,,2325,2325,300,FB,,,760,,23,28,13,-1.5,X,44,049362201350,240,-1.44647,-48.47159,G,2023-09-06,2008-07-08,,6015d5f8011804db,2027-10-18,,,Belém
LIC-LIC-01,CLARO S.A.,50409307637,010,105752021,692904158,AV PERIMETRAL,,PA,1501402,50M0G7W,NR,SA-NSA,,2325,2325,50,FB,,,760,,23,28,13,0,X,40,049362201350,50,-1.44006,-48.44818,G,2023-09-12,2010-10-29,,dce625f8570af255,2029-12-08,,,Belém
LIC-LIC-01,CLARO S.A.,50409307637,010,105752021,692904158,AV PERIMETRAL,,PA,1501402,50M0G7W,NR,SA-NSA,,2325,2325,200,FB,,,760,,23,28,13,0,X,40,049362201350,50,-1.44006,-48.44818,G,2023-09-12,2010-10-29,,dce625f8570af256,2029-12-08,,,Belém
LIC-LIC-01,CLARO S.A.,50409307637,010,105752021,692904158,AV PERIMETRAL,,PA,1501402,50M0G7W,NR,SA-NSA,,2325,2325,310,FB,,,760,,23,28,13,0,X,40,049362201350,50,-1.44006,-48.44818,G,2023-09-12,2010-10-29,,dce625f8570af257,2029-12-08,,,Belém
LIC-LIC-01,CLARO S.A.,50409307637,010,105752021,690461062,PSG BOM SOSSEGO,,PA,1501402,100MG7W,NR,SA-NSA,,3350,3350,0,FB,,,760,152312201350,24,25,13,-3,X,51,152312201350,200,-1.41916,-48.47733,G,2023-07-10,2008-06-19,,a6ad45f842a99866,2032-12-22,,,Belém
LIC-LIC-01,CLARO S.A.,50409307637,010,105752021,690461062,PSG BOM SOSSEGO,,PA,1501402,100MG7W,NR,SA-NSA,,3350,3350,120,FB,,,760,152312201350,24,25,13,-3,X,51,152312201350,200,-1.41916,-48.47733,G,2023-07-10,2008-06-19,,a6ad45f842a99867,2032-12-22,,,Belém
LIC-LIC-01,CLARO S.A.,50409307637,010,105752021,690461062,PSG BOM SOSSEGO,,PA,1501402,100MG7W,NR,SA-NSA,,3350,3350,260,FB,,,760,152312201350,24,25,13,-3,X,51,152312201350,200,-1.41916,-48.47733,G,2023-07-10,2008-06-19,,a6ad45f842a99868,2032-12-22,,,Belém
LIC-LIC-01,CLARO S.A.,50409307637,010,105752021,690459238,TRAVESSA MAURITI,,PA,1501402,100MG7W,NR,SA-NSA,,3350,3350,20,FB,,,760,152382201350,24.5,25,12.5,-3,X,49,152382201350,223.8,-1.43778,-48.45778,G,2023-06-29,2008-06-19,,805e45f85bdd23bd,2032-12-22,,,Belém
LIC-LIC-01,CLARO S.A.,50409307637,010,105752021,690459238,TRAVESSA MAURITI,,PA,1501402,100MG7W,NR,SA-NSA,,3350,3350,140,FB,,,760,152382201350,24.5,25,12.5,-3,X,49,152382201350,223.8,-1.43778,-48.45778,G,2023-06-29,2008-06-19,,805e45f85bdd23be,2032-12-22,,,Belém
LIC-LIC-01,CLARO S.A.,50409307637,010,105752021,690459238,TRAVESSA MAURITI,,PA,1501402,100MG7W,NR,SA-NSA,,3350,3350,260,FB,,,760,152382201350,24.5,25,12.5,-3,X,49,152382201350,223.8,-1.43778,-48.45778,G,2023-06-29,2008-06-19,,805e45f85bdd23bf,2032-12-22,,,Belém
LIC-LIC-01,CLARO S.A.,50409307637,010,105752021,690459238,TRAVESSA MAURITI,,PA,1501402,50M0G7W,NR,SA-NSA,,2325,2325,20,FB,,,760,,23,28,13,-2,X,50,049362201350,50,-1.43778,-48.45778,G,2023-06-29,2008-06-19,,805e45f85bdd23c0,2032-12-22,,,Belém
LIC-LIC-01,CLARO S.A.,50409307637,010,105752021,690459238,TRAVESSA MAURITI,,PA,1501402,50M0G7W,NR,SA-NSA,,2325,2325,140,FB,,,760,,23,28,13,-2,X,50,049362201350,50,-1.43778,-48.45778,G,2023-06-29,2008-06-19,,805e45f85bdd23c1,2032-12-22,,,Belém
LIC-LIC-01,CLARO S.A.,50409307637,010,105752021,690459238,TRAVESSA MAURITI,,PA,1501402,50M0G7W,NR,SA-NSA,,2325,2325,260,FB,,,760,,23,28,13,-2,X,50,049362201350,50,-1.43778,-48.45778,G,2023-06-29,2008-06-19,,805e45f85bdd23c2,2032-12-22,,,Belém
LIC-LIC-01,CLARO S.A.,50409307637,010,105752021,690405014,TV DOM ROMUALDO DE SEIXAS,,PA,1501402,100MG7W,NR,SA-NSA,,3350,3350,20,FB,,,760,152382201350,24.5,25,12.5,-2.5,X,40,152382201350,223.8,-1.44044,-48.4854,G,2023-07-20,2008-06-12,,feaf75f875dad2e5,2032-12-22,,,Belém
LIC-LIC-01,CLARO S.A.,50409307637,010,105752021,690405014,TV DOM ROMUALDO DE SEIXAS,,PA,1501402,100MG7W,NR,SA-NSA,,3350,3350,140,FB,,,760,152382201350,24.5,25,12.5,-2.5,X,40,152382201350,223.8,-1.44044,-48.4854,G,2023-07-20,2008-06-12,,feaf75f875dad2e6,2032-12-22,,,Belém
LIC-LIC-01,CLARO S.A.,50409307637,010,105752021,690405014,TV DOM ROMUALDO DE SEIXAS,,PA,1501402,100MG7W,NR,SA-NSA,,3350,3350,250,FB,,,760,152382201350,24.5,25,12.5,-4.5,X,40,152382201350,223.8,-1.44044,-48.4854,G,2023-07-20,2008-06-12,,feaf75f875dad2e7,2032-12-22,,,Belém
LIC-LIC-01,CLARO S.A.,50409307637,010,105752021,1008498502,R AUGUSTO CORREA,,PA,1501402,50M0G7W,NR,SA-NSA,,3350,3350,260,FB,,,760,152312201350,24,25,13,-1,X,60,152312201350,251,-1.47,-48.45918,G,2025-08-28,2019-05-10,,176585f806599379,2041-12-08,,,Belém
LIC-LIC-01,CLARO S.A.,50409307637,010,105752021,1008498502,R AUGUSTO CORREA,,PA,1501402,50M0G7W,NR,SA-NSA,,3350,3350,0,FB,,,760,152312201350,24,25,13,-1.5,X,60,152312201350,251,-1.47,-48.45918,G,2025-08-28,2019-05-10,,176585f80659937a,2041-12-08,,,Belém
LIC-LIC-01,CLARO S.A.,50409307637,010,105752021,1008498502,R AUGUSTO CORREA,,PA,1501402,50M0G7W,NR,SA-NSA,,3350,3350,120,FB,,,760,152312201350,24,25,13,0,X,60,152312201350,251,-1.47,-48.45918,G,2025-08-28,2019-05-10,,176585f80659937b,2041-12-08,,,Belém
LIC-LIC-01,CLARO S.A.,50409307637,010,105752021,690507615,AV CIPRIANO SANTOS,,PA,1501402,90M0G7W,NR,SA-NSA,,3350,3350,150,FB,,,760,152312201350,24,25,13,0,X,50,152312201350,251,-1.4488,-48.44916,G,2023-09-06,2008-07-29,,176585f80b7612bf,2027-10-18,,,Belém
LIC-LIC-01,CLARO S.A.,50409307637,010,105752021,690507615,AV CIPRIANO SANTOS,,PA,1501402,90M0G7W,NR,SA-NSA,,3350,3350,250,FB,,,760,152312201350,24,25,13,-4,X,50,152312201350,251,-1.4488,-48.44916,G,2023-09-06,2008-07-29,,176585f80b7612c0,2027-10-18,,,Belém
LIC-LIC-01,CLARO S.A.,50409307637,010,105752021,690507615,AV CIPRIANO SANTOS,,PA,1501402,90M0G7W,NR,SA-NSA,,3350,3350,340,FB,,,760,152312201350,24,25,13,-2,X,50,152312201350,251,-1.4488,-48.44916,G,2023-09-06,2008-07-29,,176585f80b7612c1,2027-10-18,,,Belém
LIC-LIC-01,CLARO S.A.,50409307637,010,105752021,690463464,TV TEÓFILO CONDURU,,PA,1501402,100MG7W,NR,SA-NSA,,3350,3350,150,FB,,,760,152312201350,24,25,13,0,X,40,152312201350,251,-1.4483,-48.46168,G,2023-09-06,2008-07-08,,176585f80b76130d,2027-10-18,,,Belém
LIC-LIC-01,CLARO S.A.,50409307637,010,105752021,690463464,TV TEÓFILO CONDURU,,PA,1501402,100MG7W,NR,SA-NSA,,3350,3350,290,FB,,,760,152312201350,24,25,13,0,X,40,152312201350,251,-1.4483,-48.46168,G,2023-09-06,2008-07-08,,176585f80b76130e,2027-10-18,,,Belém
LIC-LIC-01,CLARO S.A.,50409307637,010,105752021,690463464,TV TEÓFILO CONDURU,,PA,1501402,100MG7W,NR,SA-NSA,,3350,3350,50,FB,,,760,152312201350,24,25,13,-3,X,40,152312201350,251,-1.4483,-48.46168,G,2023-09-06,2008-07-08,,176585f80b76130f,2027-10-18,,,Belém
LIC-LIC-01,CLARO S.A.,50409307637,010,105752021,690477090,PSG DAS FLORES,,PA,1501402,50M0G7W,NR,SA-NSA,,3350,3350,0,FB,,,760,152312201350,24,25,13,-1,X,40,152312201350,251,-1.42386,-48.48739,G,2023-09-06,2021-11-05,,176585f80b761367,2027-10-18,,,Belém
LIC-LIC-01,CLARO S.A.,50409307637,010,105752021,690477090,PSG DAS FLORES,,PA,1501402,50M0G7W,NR,SA-NSA,,3350,3350,120,FB,,,760,152312201350,24,25,13,-1,X,40,152312201350,251,-1.42386,-48.48739,G,2023-09-06,2021-11-05,,176585f80b761368,2027-10-18,,,Belém
LIC-LIC-01,CLARO S.A.,50409307637,010,105752021,690477090,PSG DAS FLORES,,PA,1501402,50M0G7W,NR,SA-NSA,,3350,3350,240,FB,,,760,152312201350,24,25,13,-1,X,40,152312201350,251,-1.42386,-48.48739,G,2023-09-06,2021-11-05,,176585f80b761369,2027-10-18,,,Belém
LIC-LIC-01,CLARO S.A.,50409307637,010,105752021,1005347597,R DO UNA,,PA,1501402,100MG7W,NR,SA-NSA,,3350,3350,170,FB,,,760,152312201350,24,25,13,-1,X,42,152312201350,251,-1.43041,-48.48833,G,2023-09-06,2017-12-07,,176585f80b7613a9,2027-10-18,,,Belém
LIC-LIC-01,CLARO S.A.,50409307637,010,105752021,1005347597,R DO UNA,,PA,1501402,100MG7W,NR,SA-NSA,,3350,3350,290,FB,,,760,152312201350,24,25,13,-1,X,42,152312201350,251,-1.43041,-48.48833,G,2023-09-06,2017-12-07,,176585f80b7613aa,2027-10-18,,,Belém
LIC-LIC-01,CLARO S.A.,50409307637,010,105752021,1005347597,R DO UNA,,PA,1501402,100MG7W,NR,SA-NSA,,3350,3350,50,FB,,,760,152312201350,24,25,13,-1,X,42,152312201350,251,-1.43041,-48.48833,G,2023-09-06,2017-12-07,,176585f80b7613ab,2027-10-18,,,Belém
LIC-LIC-01,CLARO S.A.,50409307637,010,105752021,690458657,TV FRANCISCO CALDEIRA CASTELO BRANCO,,PA,1501402,100MG7W,NR,SA-NSA,,3350,3350,150,FB,,,760,152312201350,24,25,13,-2,X,50,152312201350,251,-1.46143,-48.47064,G,2023-07-13,2008-06-19,,e97195f80a96595d,2032-12-22,,,Belém
LIC-LIC-01,CLARO S.A.,50409307637,010,105752021,690458657,TV FRANCISCO CALDEIRA CASTELO BRANCO,,PA,1501402,100MG7W,NR,SA-NSA,,3350,3350,270,FB,,,760,152312201350,24,25,13,0,X,50,152312201350,251,-1.46143,-48.47064,G,2023-07-13,2008-06-19,,e97195f80a96595e,2032-12-22,,,Belém
LIC-LIC-01,CLARO S.A.,50409307637,010,105752021,690458657,TV FRANCISCO CALDEIRA CASTELO BRANCO,,PA,1501402,100MG7W,NR,SA-NSA,,3350,3350,30,FB,,,760,152312201350,24,25,13,0,X,50,152312201350,251,-1.46143,-48.47064,G,2023-07-13,2008-06-19,,e97195f80a96595f,2032-12-22,,,Belém
LIC-LIC-01,CLARO S.A.,50409307637,010,105752021,690408617,PSG SÃO BENEDITO,,PA,1501402,100MG7W,NR,SA-NSA,,3350,3350,30,FB,,,760,152312201350,24,25,13,-1,X,37,152312201350,251,-1.43172,-48.44692,G,2023-11-17,2008-06-12,,e97195f80a96598a,2027-10-18,,,Belém
LIC-LIC-01,CLARO S.A.,50409307637,010,105752021,690408617,PSG SÃO BENEDITO,,PA,1501402,100MG7W,NR,SA-NSA,,3350,3350,140,FB,,,760,152312201350,24,25,13,0,X,37,152312201350,251,-1.43172,-48.44692,G,2023-11-17,2008-06-12,,e97195f80a96598b,2027-10-18,,,Belém
LIC-LIC-01,CLARO S.A.,50409307637,010,105752021,690408617,PSG SÃO BENEDITO,,PA,1501402,100MG7W,NR,SA-NSA,,3350,3350,270,FB,,,760,152312201350,24,25,13,-3,X,37,152312201350,251,-1.43172,-48.44692,G,2023-11-17,2008-06-12,,e97195f80a96598c,2027-10-18,,,Belém
LIC-LIC-01,CLARO S.A.,50409307637,010,105752021,1014447078,TV FRANCISCO CALDEIRA CASTELO BRANCO,,PA,1501402,100MG7W,NR,SA-NSA,,3350,3350,150,FB,,,760,152382201350,24.5,25,12.5,-3,X,60,152382201350,223.8,-1.45253,-48.47107,G,2023-07-13,2022-11-04,,e97195f80a965a88,2032-12-22,,,Belém
LIC-LIC-01,CLARO S.A.,50409307637,010,105752021,1014447078,TV FRANCISCO CALDEIRA CASTELO BRANCO,,PA,1501402,100MG7W,NR,SA-NSA,,3350,3350,290,FB,,,760,152382201350,24.5,25,12.5,-3,X,60,152382201350,223.8,-1.45253,-48.47107,G,2023-07-13,2022-11-04,,e97195f80a965a89,2032-12-22,,,Belém
LIC-LIC-01,CLARO S.A.,50409307637,010,105752021,1014447078,TV FRANCISCO CALDEIRA CASTELO BRANCO,,PA,1501402,100MG7W,NR,SA-NSA,,3350,3350,30,FB,,,760,152382201350,24.5,25,12.5,-3,X,60,152382201350,223.8,-1.45253,-48.47107,G,2023-07-13,2022-11-04,,e97195f80a965a8a,2032-12-22,,,Belém
LIC-LIC-01,CLARO S.A.,50409307637,010,105752021,1005347600,TV MAURITI,,PA,1501402,50M0G7W,NR,SA-NSA,,3350,3350,150,FB,,,760,152312201350,24,25,13,-2,X,48,152312201350,251,-1.42239,-48.47931,G,2023-07-20,2021-11-05,,317d95f84ced27b0,2026-06-01,,,Belém
LIC-LIC-01,CLARO S.A.,50409307637,010,105752021,1005347600,TV MAURITI,,PA,1501402,50M0G7W,NR,SA-NSA,,3350,3350,270,FB,,,760,152312201350,24,25,13,-2,X,48,152312201350,251,-1.42239,-48.47931,G,2023-07-20,2021-11-05,,317d95f84ced27b1,2026-06-01,,,Belém
LIC-LIC-01,CLARO S.A.,50409307637,010,105752021,1005347600,TV MAURITI,,PA,1501402,50M0G7W,NR,SA-NSA,,3350,3350,30,FB,,,760,152312201350,24,25,13,-5.5,X,48,152312201350,251,-1.42239,-48.47931,G,2023-07-20,2021-11-05,,317d95f84ced27b2,2026-06-01,,,Belém
LIC-LIC-01,CLARO S.A.,50409307637,010,105752021,690507534,PSG BOM JESUS I,ENTRE A PASSAGEM BOM JESUS II E PASSAGEM JOANA D'ARC,PA,1501402,100MG7W,NR,SA-NSA,,3350,3350,0,FB,,,760,152312201350,24,25,13,0,X,47,152312201350,251,-1.45839,-48.45718,G,2023-07-20,2021-11-09,,5de895f80180e811,2032-12-22,,,Belém
LIC-LIC-01,CLARO S.A.,50409307637,010,105752021,690507534,PSG BOM JESUS I,ENTRE A PASSAGEM BOM JESUS II E PASSAGEM JOANA D'ARC,PA,1501402,100MG7W,NR,SA-NSA,,3350,3350,120,FB,,,760,152312201350,24,25,13,0,X,47,152312201350,251,-1.45839,-48.45718,G,2023-07-20,2021-11-09,,5de895f80180e812,2032-12-22,,,Belém
LIC-LIC-01,CLARO S.A.,50409307637,010,105752021,690507534,PSG BOM JESUS I,ENTRE A PASSAGEM BOM JESUS II E PASSAGEM JOANA D'ARC,PA,1501402,100MG7W,NR,SA-NSA,,3350,3350,240,FB,,,760,152312201350,24,25,13,-1,X,47,152312201350,251,-1.45839,-48.45718,G,2023-07-20,2021-11-09,,5de895f80180e813,2032-12-22,,,Belém
LIC-LIC-01,CLARO S.A.,50409307637,010,105752021,690459122,R CURUÇA,,PA,1501402,100MG7W,NR,SA-NSA,,3350,3350,0,FB,,,760,152312201350,24,25,13,-1,X,27,152312201350,251,-1.43,-48.48306,G,2023-07-20,2008-06-19,,5de895f80180e832,2032-12-22,,,Belém
LIC-LIC-01,CLARO S.A.,50409307637,010,105752021,690459122,R CURUÇA,,PA,1501402,100MG7W,NR,SA-NSA,,3350,3350,120,FB,,,760,152312201350,24,25,13,-1,X,27,152312201350,251,-1.43,-48.48306,G,2023-07-20,2008-06-19,,5de895f80180e833,2032-12-22,,,Belém
LIC-LIC-01,CLARO S.A.,50409307637,010,105752021,690459122,R CURUÇA,,PA,1501402,100MG7W,NR,SA-NSA,,3350,3350,240,FB,,,760,152312201350,24,25,13,-1,X,27,152312201350,251,-1.43,-48.48306,G,2023-07-20,2008-06-19,,5de895f80180e834,2032-12-22,,,Belém
LIC-LIC-01,CLARO S.A.,50409307637,010,105752021,690459149,TRAVESSA HUMAITA,,PA,1501402,100MG7W,NR,SA-NSA,,3350,3350,100,FB,,,760,152382201350,24.5,25,12.5,-4.5,X,63,152382201350,223.8,-1.43944,-48.46556,G,2023-08-04,2008-06-19,,dd2b95f802af9ba7,2041-12-08,,,Belém
LIC-LIC-01,CLARO S.A.,50409307637,010,105752021,690459149,TRAVESSA HUMAITA,,PA,1501402,100MG7W,NR,SA-NSA,,3350,3350,210,FB,,,760,152382201350,24.5,25,12.5,-4.5,X,63,152382201350,223.8,-1.43944,-48.46556,G,2023-08-04,2008-06-19,,dd2b95f802af9ba8,2041-12-08,,,Belém
LIC-LIC-01,CLARO S.A.,50409307637,010,105752021,690459149,TRAVESSA HUMAITA,,PA,1501402,100MG7W,NR,SA-NSA,,3350,3350,350,FB,,,760,152382201350,24.5,25,12.5,-7.5,X,63,152382201350,223.8,-1.43944,-48.46556,G,2023-08-04,2008-06-19,,dd2b95f802af9ba9,2041-12-08,,,Belém
LIC-LIC-01,CLARO S.A.,50409307637,010,105752021,690459149,TRAVESSA HUMAITA,,PA,1501402,50M0G7W,NR,SA-NSA,,2325,2325,100,FB,,,760,,23,28,13,-4,X,63,049362201350,50,-1.43944,-48.46556,G,2023-08-04,2008-06-19,,dd2b95f802af9baa,2041-12-08,,,Belém
LIC-LIC-01,CLARO S.A.,50409307637,010,105752021,690459149,TRAVESSA HUMAITA,,PA,1501402,50M0G7W,NR,SA-NSA,,2325,2325,210,FB,,,760,,23,28,13,-4,X,63,049362201350,50,-1.43944,-48.46556,G,2023-08-04,2008-06-19,,dd2b95f802af9bab,2041-12-08,,,Belém
LIC-LIC-01,CLARO S.A.,50409307637,010,105752021,690459149,TRAVESSA HUMAITA,,PA,1501402,50M0G7W,NR,SA-NSA,,2325,2325,350,FB,,,760,,23,28,13,-7,X,63,049362201350,50,-1.43944,-48.46556,G,2023-08-04,2008-06-19,,dd2b95f802af9bac,2041-12-08,,,Belém
LIC-LIC-01,CLARO S.A.,50409307637,010,105752021,690394268,AV VINTE E CINCO DE SETEMBRO,,PA,1501402,100MG7W,NR,SA-NSA,,3350,3350,20,FB,,,760,152312201350,24,25,13,-1,X,39,152312201350,251,-1.42683,-48.45574,G,2025-08-28,2008-06-12,,dd2b95f802af9bdd,2041-12-08,,,Belém
LIC-LIC-01,CLARO S.A.,50409307637,010,105752021,690394268,AV VINTE E CINCO DE SETEMBRO,,PA,1501402,100MG7W,NR,SA-NSA,,3350,3350,140,FB,,,760,152312201350,24,25,13,-1,X,39,152312201350,251,-1.42683,-48.45574,G,2025-08-28,2008-06-12,,dd2b95f802af9bde,2041-12-08,,,Belém
LIC-LIC-01,CLARO S.A.,50409307637,010,105752021,690394268,AV VINTE E CINCO DE SETEMBRO,,PA,1501402,100MG7W,NR,SA-NSA,,3350,3350,300,FB,,,760,152312201350,24,25,13,-1,X,39,152312201350,251,-1.42683,-48.45574,G,2025-08-28,2008-06-12,,dd2b95f802af9bdf,2041-12-08,,,Belém
LIC-LIC-01,CLARO S.A.,50409307637,010,105752021,1012758866,RUA DO UTINGA,,PA,1501402,100MG7W,NR,SA-NSA,,3350,3350,10,FB,,,760,152312201350,24,25,13,0,X,21,152312201350,251,-1.42579,-48.45039,G,2025-08-15,2022-01-17,,585f95f80335da4b,2041-12-08,,,Belém
LIC-LIC-01,CLARO S.A.,50409307637,010,105752021,1012758866,RUA DO UTINGA,,PA,1501402,100MG7W,NR,SA-NSA,,3350,3350,110,FB,,,760,152312201350,24,25,13,0,X,21,152312201350,251,-1.42579,-48.45039,G,2025-08-15,2022-01-17,,585f95f80335da4c,2041-12-08,,,Belém
LIC-LIC-01,CLARO S.A.,50409307637,010,105752021,1012758866,RUA DO UTINGA,,PA,1501402,100MG7W,NR,SA-NSA,,3350,3350,220,FB,,,760,152312201350,24,25,13,0,X,12,152312201350,251,-1.42579,-48.45039,G,2025-08-15,2022-01-17,,585f95f80335da4d,2041-12-08,,,Belém
LIC-LIC-01,CLARO S.A.,50409307637,010,105752021,691238022,PSG PINHEIRO,,PA,1501402,100MG7W,NR,SA-NSA,,3350,3350,0,FB,,,760,152312201350,24,25,13,-4.5,X,60,152312201350,251,-1.47461,-48.46124,G,2025-08-28,2009-03-20,,fb09f5f80345a423,2041-12-08,,,Belém
LIC-LIC-01,CLARO S.A.,50409307637,010,105752021,691238022,PSG PINHEIRO,,PA,1501402,100MG7W,NR,SA-NSA,,3350,3350,110,FB,,,760,152312201350,24,25,13,-3,X,60,152312201350,251,-1.47461,-48.46124,G,2025-08-28,2009-03-20,,fb09f5f80345a424,2041-12-08,,,Belém
LIC-LIC-01,CLARO S.A.,50409307637,010,105752021,691238022,PSG PINHEIRO,,PA,1501402,100MG7W,NR,SA-NSA,,3350,3350,280,FB,,,760,152312201350,24,25,13,0,X,60,152312201350,251,-1.47461,-48.46124,G,2025-08-28,2009-03-20,,fb09f5f80345a425,2041-12-08,,,Belém
LIC-LIC-01,CLARO S.A.,50409307637,010,105752021,690474113,R VINTE E SETE DE SETEMBRO,,PA,1501402,100MG7W,NR,SA-NSA,,3350,3350,180,FB,,,760,152312201350,24,25,13,0,X,49,152312201350,251,-1.46467,-48.44896,G,2023-08-31,2008-07-08,,fb09f5f80345a471,2038-04-30,,,Belém
LIC-LIC-01,CLARO S.A.,50409307637,010,105752021,690474113,R VINTE E SETE DE SETEMBRO,,PA,1501402,100MG7W,NR,SA-NSA,,3350,3350,30,FB,,,760,152312201350,24,25,13,0,X,49,152312201350,251,-1.46467,-48.44896,G,2023-08-31,2008-07-08,,fb09f5f80345a472,2038-04-30,,,Belém
LIC-LIC-01,CLARO S.A.,50409307637,010,105752021,690474113,R VINTE E SETE DE SETEMBRO,,PA,1501402,100MG7W,NR,SA-NSA,,3350,3350,300,FB,,,760,152312201350,24,25,13,-1,X,49,152312201350,251,-1.46467,-48.44896,G,2023-08-31,2008-07-08,,fb09f5f80345a473,2038-04-30,,,Belém
LIC-LIC-01,CLARO S.A.,50409307637,010,105752021,692559043,TV TIMBÓ,,PA,1501402,100MG7W,NR,SA-NSA,,3350,3350,190,FB,,,760,152312201350,24,25,13,-2,X,50,152312201350,251,-1.42928,-48.47512,G,2023-08-31,2010-08-09,,fb09f5f80345a4d3,2038-04-30,,,Belém
LIC-LIC-01,CLARO S.A.,50409307637,010,105752021,692559043,TV TIMBÓ,,PA,1501402,100MG7W,NR,SA-NSA,,3350,3350,310,FB,,,760,152312201350,24,25,13,-2,X,50,152312201350,251,-1.42928,-48.47512,G,2023-08-31,2010-08-09,,fb09f5f80345a4d4,2038-04-30,,,Belém
LIC-LIC-01,CLARO S.A.,50409307637,010,105752021,692559043,TV TIMBÓ,,PA,1501402,100MG7W,NR,SA-NSA,,3350,3350,70,FB,,,760,152312201350,24,25,13,-2,X,50,152312201350,251,-1.42928,-48.47512,G,2023-08-31,2010-08-09,,fb09f5f80345a4d5,2038-04-30,,,Belém
LIC-LIC-01,CLARO S.A.,50409307637,010,105752021,1014454503,AVENIDA GOVERNADOR JOSE MALCHER,,PA,1501402,100MG7W,NR,SA-NSA,,3350,3350,80,FB,,,760,152382201350,24.5,25,12.5,3,X,45,152382201350,223.8,-1.44885,-48.47727,G,2025-07-14,2022-11-07,100M,4307f5f80350873d,2041-12-08,,,Belém
LIC-LIC-01,CLARO S.A.,50409307637,010,105752021,1014454503,AVENIDA GOVERNADOR JOSE MALCHER,,PA,1501402,100MG7W,NR,SA-NSA,,3350,3350,170,FB,,,760,152382201350,24.5,25,12.5,4,X,45,152382201350,223.8,-1.44885,-48.47727,G,2025-07-14,2022-11-07,100M,4307f5f80350873e,2041-12-08,,,Belém
LIC-LIC-01,CLARO S.A.,50409307637,010,105752021,1014454503,AVENIDA GOVERNADOR JOSE MALCHER,,PA,1501402,100MG7W,NR,SA-NSA,,3350,3350,270,FB,,,760,152382201350,24.5,25,12.5,3,X,45,152382201350,223.8,-1.44885,-48.47727,G,2025-07-14,2022-11-07,100M,4307f5f80350873f,2041-12-08,,,Belém
LIC-LIC-01,CLARO S.A.,50409307637,010,105752021,1015421706,TV HUMAITÁ,,PA,1501402,100MG7W,NR,SA-NSA,,3350,3350,30,FB,,,760,152382201350,24.5,25,12.5,-2,X,30,152382201350,223.8,-1.44227,-48.46186,G,2024-08-16,2023-10-27,,2ba5f5f80308f8c9,2041-12-08,,,Belém
LIC-LIC-01,CLARO S.A.,50409307637,010,105752021,1015421706,TV HUMAITÁ,,PA,1501402,100MG7W,NR,SA-NSA,,3350,3350,150,FB,,,760,152382201350,24.5,25,12.5,-2,X,30,152382201350,223.8,-1.44227,-48.46186,G,2024-08-16,2023-10-27,,2ba5f5f80308f8ca,2041-12-08,,,Belém
LIC-LIC-01,CLARO S.A.,50409307637,010,105752021,1015421706,TV HUMAITÁ,,PA,1501402,100MG7W,NR,SA-NSA,,3350,3350,260,FB,,,760,152382201350,24.5,25,12.5,-2,X,30,152382201350,223.8,-1.44227,-48.46186,G,2024-08-16,2023-10-27,,2ba5f5f80308f8cb,2041-12-08,,,Belém
LIC-LIC-01,CLARO S.A.,50409307637,010,105752021,1015421706,TV HUMAITÁ,,PA,1501402,50M0G7W,NR,SA-NSA,,2325,2325,30,FB,,,760,,23,28,13,-1.5,X,32,049362201350,50,-1.44227,-48.46186,G,2024-08-16,2023-10-27,,2ba5f5f80308f8cc,2041-12-08,,,Belém
LIC-LIC-01,CLARO S.A.,50409307637,010,105752021,1015421706,TV HUMAITÁ,,PA,1501402,50M0G7W,NR,SA-NSA,,2325,2325,150,FB,,,760,,23,28,13,-1.5,X,32,049362201350,50,-1.44227,-48.46186,G,2024-08-16,2023-10-27,,2ba5f5f80308f8cd,2041-12-08,,,Belém
LIC-LIC-01,CLARO S.A.,50409307637,010,105752021,1015421706,TV HUMAITÁ,,PA,1501402,50M0G7W,NR,SA-NSA,,2325,2325,260,FB,,,760,,23,28,13,-1.5,X,32,049362201350,50,-1.44227,-48.46186,G,2024-08-16,2023-10-27,,2ba5f5f80308f8ce,2041-12-08,,,Belém
LIC-LIC-01,CLARO S.A.,50409307637,010,105752021,1014424388,AV GENERALISSIMO DEODORO,,PA,1501402,100MG7W,NR,SA-NSA,,3350,3350,150,FB,,,760,152312201350,24,25,13,1,X,28,152312201350,251,-1.44812,-48.48244,G,2025-06-13,2022-10-25,,0c2b85f8033c1600,2041-12-08,,,Belém
LIC-LIC-01,CLARO S.A.,50409307637,010,105752021,1014424388,AV GENERALISSIMO DEODORO,,PA,1501402,100MG7W,NR,SA-NSA,,3350,3350,260,FB,,,760,152312201350,24,25,13,1,X,28,152312201350,251,-1.44812,-48.48244,G,2025-06-13,2022-10-25,,0c2b85f8033c1601,2041-12-08,,,Belém
LIC-LIC-01,CLARO S.A.,50409307637,010,105752021,1014424388,AV GENERALISSIMO DEODORO,,PA,1501402,100MG7W,NR,SA-NSA,,3350,3350,40,FB,,,760,152312201350,24,25,13,1,X,28,152312201350,251,-1.44812,-48.48244,G,2025-06-13,2022-10-25,,0c2b85f8033c1602,2041-12-08,,,Belém
LIC-LIC-01,CLARO S.A.,50409307637,010,105752021,692574816,TV HUMAITÁ,,PA,1501402,40M0G7W,NR,SA-NSA,,3350,3350,120,FB,,,760,152312201350,24,25,13,0,X,50,152312201350,251,-1.44582,-48.45593,G,2023-11-13,2010-08-09,,772185f803a4b860,2032-12-22,,,Belém
LIC-LIC-01,CLARO S.A.,50409307637,010,105752021,692574816,TV HUMAITÁ,,PA,1501402,40M0G7W,NR,SA-NSA,,3350,3350,250,FB,,,760,152312201350,24,25,13,0,X,50,152312201350,251,-1.44582,-48.45593,G,2023-11-13,2010-08-09,,772185f803a4b861,2032-12-22,,,Belém
LIC-LIC-01,CLARO S.A.,50409307637,010,105752021,692574816,TV HUMAITÁ,,PA,1501402,40M0G7W,NR,SA-NSA,,3350,3350,350,FB,,,760,152312201350,24,25,13,0,X,50,152312201350,251,-1.44582,-48.45593,G,2023-11-13,2010-08-09,,772185f803a4b862,2032-12-22,,,Belém
LIC-LIC-01,CLARO S.A.,50409307637,010,105752021,690459246,TV DOUTOR ENÉAS PINHEIRO,,PA,1501402,100MG7W,NR,SA-NSA,,3350,3350,180,FB,,,760,152312201350,24,25,13,-4,X,56,152312201350,251,-1.42802,-48.46162,G,2023-11-13,2008-06-19,,772185f803a4b8c7,2032-12-22,,,Belém
LIC-LIC-01,CLARO S.A.,50409307637,010,105752021,690459246,TV DOUTOR ENÉAS PINHEIRO,,PA,1501402,100MG7W,NR,SA-NSA,,3350,3350,300,FB,,,760,152312201350,24,25,13,-4,X,54,152312201350,251,-1.42802,-48.46162,G,2023-11-13,2008-06-19,,772185f803a4b8c8,2032-12-22,,,Belém
LIC-LIC-01,CLARO S.A.,50409307637,010,105752021,690459246,TV DOUTOR ENÉAS PINHEIRO,,PA,1501402,100MG7W,NR,SA-NSA,,3350,3350,60,FB,,,760,152312201350,24,25,13,-2,X,56,152312201350,251,-1.42802,-48.46162,G,2023-11-13,2008-06-19,,772185f803a4b8c9,2032-12-22,,,Belém
LIC-LIC-01,CLARO S.A.,50409307637,010,105752021,692559027,TV 14 DE MARÇO,14 DE MARÇO\  ESQUINA COM BERNAL DO COUTO\\ EDIFÍCIO UMARIZAL,PA,1501402,100MG7W,NR,SA-NSA,,3350,3350,0,FB,,,760,152382201350,24.5,25,12.5,-1,X,28,152382201350,223.8,-1.43861,-48.48048,G,2023-11-13,2010-08-09,,772185f803a4b8f7,2032-12-22,,,Belém
LIC-LIC-01,CLARO S.A.,50409307637,010,105752021,692559027,TV 14 DE MARÇO,14 DE MARÇO\  ESQUINA COM BERNAL DO COUTO\\ EDIFÍCIO UMARIZAL,PA,1501402,100MG7W,NR,SA-NSA,,3350,3350,120,FB,,,760,152382201350,24.5,25,12.5,-3.5,X,28,152382201350,223.8,-1.43861,-48.48048,G,2023-11-13,2010-08-09,,772185f803a4b8f8,2032-12-22,,,Belém
LIC-LIC-01,CLARO S.A.,50409307637,010,105752021,692559027,TV 14 DE MARÇO,14 DE MARÇO\  ESQUINA COM BERNAL DO COUTO\\ EDIFÍCIO UMARIZAL,PA,1501402,100MG7W,NR,SA-NSA,,3350,3350,240,FB,,,760,152382201350,24.5,25,12.5,-2,X,28,152382201350,223.8,-1.43861,-48.48048,G,2023-11-13,2010-08-09,,772185f803a4b8f9,2032-12-22,,,Belém
LIC-LIC-01,CLARO S.A.,50409307637,010,105752021,1014454473,R BARÃO DE IGARAPÉ MIRI,,PA,1501402,100MG7W,NR,SA-NSA,,3350,3350,10,FB,,,760,152312201350,24,25,13,-1,X,50,152312201350,251,-1.46831,-48.45497,G,2024-04-04,2022-11-07,,772185f803a4b998,2041-12-08,,,Belém
LIC-LIC-01,CLARO S.A.,50409307637,010,105752021,1014454473,R BARÃO DE IGARAPÉ MIRI,,PA,1501402,100MG7W,NR,SA-NSA,,3350,3350,120,FB,,,760,152312201350,24,25,13,0,X,50,152312201350,251,-1.46831,-48.45497,G,2024-04-04,2022-11-07,,772185f803a4b999,2041-12-08,,,Belém
LIC-LIC-01,CLARO S.A.,50409307637,010,105752021,1014454473,R BARÃO DE IGARAPÉ MIRI,,PA,1501402,100MG7W,NR,SA-NSA,,3350,3350,280,FB,,,760,152312201350,24,25,13,-1,X,50,152312201350,251,-1.46831,-48.45497,G,2024-04-04,2022-11-07,,772185f803a4b99a,2041-12-08,,,Belém
LIC-LIC-01,CLARO S.A.,50409307637,010,105752021,692257306,AV DUQUE DE CAXIAS,Cond. Ed. Ouro Branco (Sindico Antonio Reis),PA,1501402,50M0G7W,NR,SA-NSA,,2325,2325,0,FB,,,760,,23,28,13,0,X,36,049362201350,50,-1.43395,-48.46507,G,2024-04-04,2010-04-06,,c61f85f80289f923,2041-12-08,,,Belém
LIC-LIC-01,CLARO S.A.,50409307637,010,105752021,692257306,AV DUQUE DE CAXIAS,Cond. Ed. Ouro Branco (Sindico Antonio Reis),PA,1501402,50M0G7W,NR,SA-NSA,,2325,2325,120,FB,,,760,,23,28,13,0,X,36,049362201350,50,-1.43395,-48.46507,G,2024-04-04,2010-04-06,,c61f85f80289f924,2041-12-08,,,Belém
LIC-LIC-01,CLARO S.A.,50409307637,010,105752021,692257306,AV DUQUE DE CAXIAS,Cond. Ed. Ouro Branco (Sindico Antonio Reis),PA,1501402,50M0G7W,NR,SA-NSA,,2325,2325,240,FB,,,760,,23,28,13,0,X,36,049362201350,50,-1.43395,-48.46507,G,2024-04-04,2010-04-06,,c61f85f80289f925,2041-12-08,,,Belém
LIC-LIC-01,CLARO S.A.,50409307637,010,105752021,692257306,AV DUQUE DE CAXIAS,Cond. Ed. Ouro Branco (Sindico Antonio Reis),PA,1501402,100MG7W,NR,SA-NSA,,3350,3350,0,FB,,,760,152382201350,24.5,25,12.5,0,X,36,152382201350,223.8,-1.43395,-48.46507,G,2024-04-04,2010-04-06,,c61f85f80289f926,2041-12-08,,,Belém
LIC-LIC-01,CLARO S.A.,50409307637,010,105752021,692257306,AV DUQUE DE CAXIAS,Cond. Ed. Ouro Branco (Sindico Antonio Reis),PA,1501402,100MG7W,NR,SA-NSA,,3350,3350,120,FB,,,760,152382201350,24.5,25,12.5,0,X,36,152382201350,223.8,-1.43395,-48.46507,G,2024-04-04,2010-04-06,,c61f85f80289f927,2041-12-08,,,Belém
LIC-LIC-01,CLARO S.A.,50409307637,010,105752021,692257306,AV DUQUE DE CAXIAS,Cond. Ed. Ouro Branco (Sindico Antonio Reis),PA,1501402,100MG7W,NR,SA-NSA,,3350,3350,240,FB,,,760,152382201350,24.5,25,12.5,0,X,36,152382201350,223.8,-1.43395,-48.46507,G,2024-04-04,2010-04-06,,c61f85f80289f928,2041-12-08,,,Belém
LIC-LIC-01,CLARO S.A.,50409307637,010,105752021,690459980,AVENIDA PEDRO MIRANDA,,PA,1501402,100MG7W,NR,SA-NSA,,3350,3350,10,FB,,,760,152312201350,24,25,13,-4,X,67,152312201350,251,-1.42306,-48.46832,G,2023-11-17,2008-06-19,,93a3a5f8039ceaf4,2027-10-18,,,Belém
LIC-LIC-01,CLARO S.A.,50409307637,010,105752021,690459980,AVENIDA PEDRO MIRANDA,,PA,1501402,100MG7W,NR,SA-NSA,,3350,3350,140,FB,,,760,152312201350,24,25,13,-4,X,67,152312201350,251,-1.42306,-48.46832,G,2023-11-17,2008-06-19,,93a3a5f8039ceaf5,2027-10-18,,,Belém
LIC-LIC-01,CLARO S.A.,50409307637,010,105752021,690459980,AVENIDA PEDRO MIRANDA,,PA,1501402,100MG7W,NR,SA-NSA,,3350,3350,270,FB,,,760,152312201350,24,25,13,-2.5,X,67,152312201350,251,-1.42306,-48.46832,G,2023-11-17,2008-06-19,,93a3a5f8039ceaf6,2027-10-18,,,Belém
LIC-LIC-01,CLARO S.A.,50409307637,010,105752021,690409044,AVENIDA JOSÉ BONIFÁCIO,,PA,1501402,40M0G7W,NR,SA-NSA,,3350,3350,70,FB,,,760,152312201350,24,25,13,0,X,40,152312201350,251,-1.46667,-48.4681,G,2023-11-17,2008-06-12,,f14ea5f80386302d,2032-12-22,,,Belém
LIC-LIC-01,CLARO S.A.,50409307637,010,105752021,690409044,AVENIDA JOSÉ BONIFÁCIO,,PA,1501402,40M0G7W,NR,SA-NSA,,3350,3350,180,FB,,,760,152312201350,24,25,13,0,X,40,152312201350,251,-1.46667,-48.4681,G,2023-11-17,2008-06-12,,f14ea5f80386302e,2032-12-22,,,Belém
LIC-LIC-01,CLARO S.A.,50409307637,010,105752021,690409044,AVENIDA JOSÉ BONIFÁCIO,,PA,1501402,40M0G7W,NR,SA-NSA,,3350,3350,280,FB,,,760,152312201350,24,25,13,0,X,40,152312201350,251,-1.46667,-48.4681,G,2023-11-17,2008-06-12,,f14ea5f80386302f,2032-12-22,,,Belém
LIC-LIC-01,CLARO S.A.,50409307637,010,105752021,690459025,PSG ISMAEL DE CASTRO,,PA,1501402,100MG7W,NR,SA-NSA,,3350,3350,0,FB,,,760,152312201350,24,25,13,-1,X,38,152312201350,251,-1.45242,-48.46722,G,2023-12-19,2008-06-19,,a823c5f8036eb2b6,2032-12-22,,,Belém
LIC-LIC-01,CLARO S.A.,50409307637,010,105752021,690459025,PSG ISMAEL DE CASTRO,,PA,1501402,100MG7W,NR,SA-NSA,,3350,3350,140,FB,,,760,152312201350,24,25,13,0,X,38,152312201350,251,-1.45242,-48.46722,G,2023-12-19,2008-06-19,,a823c5f8036eb2b7,2032-12-22,,,Belém
LIC-LIC-01,CLARO S.A.,50409307637,010,105752021,690459025,PSG ISMAEL DE CASTRO,,PA,1501402,100MG7W,NR,SA-NSA,,3350,3350,260,FB,,,760,152312201350,24,25,13,-2.5,X,38,152312201350,251,-1.45242,-48.46722,G,2023-12-19,2008-06-19,,a823c5f8036eb2b8,2032-12-22,,,Belém
LIC-LIC-01,CLARO S.A.,50409307637,010,105752021,1014447060,TRAVESSA JOSE PIO,,PA,1501402,100MG7W,NR,SA-NSA,,3350,3350,70,FB,,,760,152312201350,24,25,13,-2,X,58,152312201350,251,-1.43412,-48.48368,G,2024-06-10,2022-11-04,,0b8dd5f803d2ee53,2041-12-08,,,Belém
LIC-LIC-01,CLARO S.A.,50409307637,010,105752021,1014447060,TRAVESSA JOSE PIO,,PA,1501402,100MG7W,NR,SA-NSA,,3350,3350,180,FB,,,760,152312201350,24,25,13,-5,X,58,152312201350,251,-1.43412,-48.48368,G,2024-06-10,2022-11-04,,0b8dd5f803d2ee54,2041-12-08,,,Belém
LIC-LIC-01,CLARO S.A.,50409307637,010,105752021,1014447060,TRAVESSA JOSE PIO,,PA,1501402,100MG7W,NR,SA-NSA,,3350,3350,280,FB,,,760,152312201350,24,25,13,-5,X,58,152312201350,251,-1.43412,-48.48368,G,2024-06-10,2022-11-04,,0b8dd5f803d2ee55,2041-12-08,,,Belém
LIC-LIC-01,CLARO S.A.,50409307637,010,105752021,1014370156,PASSAGEM JARINA,,PA,1501402,100MG7W,NR,SA-NSA,,3350,3350,0,FB,,,760,152312201350,24,25,13,-2,X,50,152312201350,251,-1.4464,-48.4582,G,2024-06-10,2022-10-20,,292ce5f803e3aebf,2041-12-08,,,Belém
LIC-LIC-01,CLARO S.A.,50409307637,010,105752021,1014370156,PASSAGEM JARINA,,PA,1501402,100MG7W,NR,SA-NSA,,3350,3350,150,FB,,,760,152312201350,24,25,13,0,X,50,152312201350,251,-1.4464,-48.4582,G,2024-06-10,2022-10-20,,292ce5f803e3aec0,2041-12-08,,,Belém
LIC-LIC-01,CLARO S.A.,50409307637,010,105752021,1014370156,PASSAGEM JARINA,,PA,1501402,100MG7W,NR,SA-NSA,,3350,3350,270,FB,,,760,152312201350,24,25,13,-2,X,50,152312201350,251,-1.4464,-48.4582,G,2024-06-10,2022-10-20,,292ce5f803e3aec1,2041-12-08,,,Belém
LIC-LIC-01,CLARO S.A.,50409307637,010,105752021,690550553,EST DA CEASA,KM04 - CURIÓ-UTINGA,PA,1501402,40M0G7W,NR,SA-NSA,,3350,3350,0,FB,,,760,152312201350,24,25,13,0,X,60,152312201350,251,-1.4455,-48.42624,G,2024-09-17,2008-09-30,,292ce5f803e3aee3,2041-12-08,,,Belém
LIC-LIC-01,CLARO S.A.,50409307637,010,105752021,690550553,EST DA CEASA,KM04 - CURIÓ-UTINGA,PA,1501402,40M0G7W,NR,SA-NSA,,3350,3350,150,FB,,,760,152312201350,24,25,13,0,X,60,152312201350,251,-1.4455,-48.42624,G,2024-09-17,2008-09-30,,292ce5f803e3aee4,2041-12-08,,,Belém
LIC-LIC-01,CLARO S.A.,50409307637,010,105752021,690550553,EST DA CEASA,KM04 - CURIÓ-UTINGA,PA,1501402,40M0G7W,NR,SA-NSA,,3350,3350,240,FB,,,760,152312201350,24,25,13,0,X,60,152312201350,251,-1.4455,-48.42624,G,2024-09-17,2008-09-30,,292ce5f803e3aee5,2041-12-08,,,Belém
LIC-LIC-01,CLARO S.A.,50409307637,010,105752021,1014454465,R ROSO DANIN,,PA,1501402,100MG7W,NR,SA-NSA,,3350,3350,150,FB,,,760,152312201350,24,25,13,0,X,33,152312201350,251,-1.45065,-48.46317,G,2024-02-27,2022-11-07,,f64fe5f8077497a0,2041-12-08,,,Belém
LIC-LIC-01,CLARO S.A.,50409307637,010,105752021,1014454465,R ROSO DANIN,,PA,1501402,100MG7W,NR,SA-NSA,,3350,3350,270,FB,,,760,152312201350,24,25,13,-1,X,33,152312201350,251,-1.45065,-48.46317,G,2024-02-27,2022-11-07,,f64fe5f8077497a1,2041-12-08,,,Belém
LIC-LIC-01,CLARO S.A.,50409307637,010,105752021,1014454465,R ROSO DANIN,,PA,1501402,100MG7W,NR,SA-NSA,,3350,3350,30,FB,,,760,152312201350,24,25,13,-4.5,X,33,152312201350,251,-1.45065,-48.46317,G,2024-02-27,2022-11-07,,f64fe5f8077497a2,2041-12-08,,,Belém
LIC-LIC-01,CLARO S.A.,50409307637,010,105752021,1014510098,VLA MARIA MALCHER,,PA,1501402,100MG7W,NR,SA-NSA,,3350,3350,180,FB,,,760,152312201350,24,25,13,0,X,34.5,152312201350,251,-1.44216,-48.44783,G,2024-03-01,2022-11-28,,0197e5f80d272500,2041-12-08,,,Belém
LIC-LIC-01,CLARO S.A.,50409307637,010,105752021,1014510098,VLA MARIA MALCHER,,PA,1501402,100MG7W,NR,SA-NSA,,3350,3350,270,FB,,,760,152312201350,24,25,13,0,X,34.5,152312201350,251,-1.44216,-48.44783,G,2024-03-01,2022-11-28,,0197e5f80d272501,2041-12-08,,,Belém
LIC-LIC-01,CLARO S.A.,50409307637,010,105752021,1014510098,VLA MARIA MALCHER,,PA,1501402,100MG7W,NR,SA-NSA,,3350,3350,50,FB,,,760,152312201350,24,25,13,0,X,34.5,152312201350,251,-1.44216,-48.44783,G,2024-03-01,2022-11-28,,0197e5f80d272502,2041-12-08,,,Belém
LIC-LIC-01,CLARO S.A.,50409307637,010,105752021,1014454554,PSG ISABEL,,PA,1501402,100MG7W,NR,SA-NSA,,3350,3350,0,FB,,,760,152312201350,24,25,13,-1,X,36,152312201350,251,-1.42517,-48.48297,G,2024-03-01,2022-11-07,,0197e5f80d272547,2041-12-08,,,Belém
LIC-LIC-01,CLARO S.A.,50409307637,010,105752021,1014454554,PSG ISABEL,,PA,1501402,100MG7W,NR,SA-NSA,,3350,3350,120,FB,,,760,152312201350,24,25,13,-1,X,36,152312201350,251,-1.42517,-48.48297,G,2024-03-01,2022-11-07,,0197e5f80d272548,2041-12-08,,,Belém
LIC-LIC-01,CLARO S.A.,50409307637,010,105752021,1014454554,PSG ISABEL,,PA,1501402,100MG7W,NR,SA-NSA,,3350,3350,240,FB,,,760,152312201350,24,25,13,-1,X,36,152312201350,251,-1.42517,-48.48297,G,2024-03-01,2022-11-07,,0197e5f80d272549,2041-12-08,,,Belém
LIC-LIC-01,CLARO S.A.,50409307637,010,105752021,1014454562,AV PEDRO MIRANDA,,PA,1501402,100MG7W,NR,SA-NSA,,3350,3350,150,FB,,,760,152312201350,24,25,13,0,X,36,152312201350,251,-1.42636,-48.47039,G,2024-04-02,2022-11-07,,9bc2e5f802685792,2041-12-08,,,Belém
LIC-LIC-01,CLARO S.A.,50409307637,010,105752021,1014454562,AV PEDRO MIRANDA,,PA,1501402,100MG7W,NR,SA-NSA,,3350,3350,270,FB,,,760,152312201350,24,25,13,0,X,36,152312201350,251,-1.42636,-48.47039,G,2024-04-02,2022-11-07,,9bc2e5f802685793,2041-12-08,,,Belém
LIC-LIC-01,CLARO S.A.,50409307637,010,105752021,1014454562,AV PEDRO MIRANDA,,PA,1501402,100MG7W,NR,SA-NSA,,3350,3350,30,FB,,,760,152312201350,24,25,13,-3,X,36,152312201350,251,-1.42636,-48.47039,G,2024-04-02,2022-11-07,,9bc2e5f802685794,2041-12-08,,,Belém
LIC-LIC-01,CLARO S.A.,50409307637,010,105752021,1014510071,TV FRANCISCO CALDEIRA CASTELO BRANCO,,PA,1501402,100MG7W,NR,SA-NSA,,3350,3350,120,FB,,,760,152312201350,24,25,13,0,X,40,152312201350,251,-1.44424,-48.47055,G,2024-04-02,2022-11-28,,9bc2e5f8026857b9,2041-12-08,,,Belém
LIC-LIC-01,CLARO S.A.,50409307637,010,105752021,1014510071,TV FRANCISCO CALDEIRA CASTELO BRANCO,,PA,1501402,100MG7W,NR,SA-NSA,,3350,3350,20,FB,,,760,152312201350,24,25,13,-2,X,40,152312201350,251,-1.44424,-48.47055,G,2024-04-02,2022-11-28,,9bc2e5f8026857ba,2041-12-08,,,Belém
LIC-LIC-01,CLARO S.A.,50409307637,010,105752021,1014510071,TV FRANCISCO CALDEIRA CASTELO BRANCO,,PA,1501402,100MG7W,NR,SA-NSA,,3350,3350,260,FB,,,760,152312201350,24,25,13,-4,X,40,152312201350,251,-1.44424,-48.47055,G,2024-04-02,2022-11-28,,9bc2e5f8026857bb,2041-12-08,,,Belém
LIC-LIC-01,CLARO S.A.,50409307637,010,105752021,1013042279,PSG JAMBU,,PA,1501402,100MG7W,NR,SA-NSA,,3350,3350,0,FB,,,760,152312201350,24,25,13,0,X,40,152312201350,39.8,-1.46165,-48.46395,G,2026-01-21,2022-04-26,,e59de5f8041bd2ca,2041-12-08,,,Belém
LIC-LIC-01,CLARO S.A.,50409307637,010,105752021,1013042279,PSG JAMBU,,PA,1501402,100MG7W,NR,SA-NSA,,3350,3350,120,FB,,,760,152312201350,24,25,13,0,X,40,152312201350,39.8,-1.46165,-48.46395,G,2026-01-21,2022-04-26,,e59de5f8041bd2cb,2041-12-08,,,Belém
LIC-LIC-01,CLARO S.A.,50409307637,010,105752021,1013042279,PSG JAMBU,,PA,1501402,100MG7W,NR,SA-NSA,,3350,3350,240,FB,,,760,152312201350,24,25,13,-2,X,40,152312201350,39.8,-1.46165,-48.46395,G,2026-01-21,2022-04-26,,e59de5f8041bd2cc,2041-12-08,,,Belém
LIC-LIC-01,CLARO S.A.,50409307637,010,105752021,1013177182,AV ALMIRANTE BARROSO,ESQUINA COM LOMAS VALENTINA,PA,1501402,100MG7W,NR,SA-NSA,,3350,3350,150,FB,,,760,152312201350,24,25,13,6,X,59,152312201350,251,-1.43317,-48.45592,G,2025-08-15,2022-06-10,,3856e5f894c60f9a,2041-12-08,,,Belém
LIC-LIC-01,CLARO S.A.,50409307637,010,105752021,1013177182,AV ALMIRANTE BARROSO,ESQUINA COM LOMAS VALENTINA,PA,1501402,100MG7W,NR,SA-NSA,,3350,3350,270,FB,,,760,152312201350,24,25,13,2,X,59,152312201350,251,-1.43317,-48.45592,G,2025-08-15,2022-06-10,,3856e5f894c60f9b,2041-12-08,,,Belém
LIC-LIC-01,CLARO S.A.,50409307637,010,105752021,1013177182,AV ALMIRANTE BARROSO,ESQUINA COM LOMAS VALENTINA,PA,1501402,100MG7W,NR,SA-NSA,,3350,3350,50,FB,,,760,152312201350,24,25,13,2,X,59,152312201350,251,-1.43317,-48.45592,G,2025-08-15,2022-06-10,,3856e5f894c60f9c,2041-12-08,,,Belém
LIC-LIC-01,CLARO S.A.,50409307637,010,105752021,1014454490,TRAVESSA TIMBO,,PA,1501402,100MG7W,NR,SA-NSA,,3350,3350,40,FB,,,760,152312201350,24,25,13,-1,X,38,152312201350,251,-1.43316,-48.4704,G,2024-07-08,2022-11-07,,9f133648f740e08b,2041-12-08,,,Belém
LIC-LIC-01,CLARO S.A.,50409307637,010,105752021,1014454490,TRAVESSA TIMBO,,PA,1501402,100MG7W,NR,SA-NSA,,3350,3350,160,FB,,,760,152312201350,24,25,13,-1,X,38,152312201350,251,-1.43316,-48.4704,G,2024-07-08,2022-11-07,,9f133648f740e08c,2041-12-08,,,Belém
LIC-LIC-01,CLARO S.A.,50409307637,010,105752021,1014454490,TRAVESSA TIMBO,,PA,1501402,100MG7W,NR,SA-NSA,,3350,3350,280,FB,,,760,152312201350,24,25,13,-1,X,38,152312201350,251,-1.43316,-48.4704,G,2024-07-08,2022-11-07,,9f133648f740e08d,2041-12-08,,,Belém
LIC-LIC-01,CLARO S.A.,50409307637,010,105752021,1014510101,AV JOÃO PAULO II,,PA,1501402,100MG7W,NR,SA-NSA,,3350,3350,160,FB,,,760,152312201350,24,25,13,-1,X,37,152312201350,251,-1.43683,-48.45467,G,2025-02-11,2022-11-28,,9f13364848a0fd21,2041-12-08,,,Belém
LIC-LIC-01,CLARO S.A.,50409307637,010,105752021,1014510101,AV JOÃO PAULO II,,PA,1501402,100MG7W,NR,SA-NSA,,3350,3350,300,FB,,,760,152312201350,24,25,13,-2.5,X,37,152312201350,251,-1.43683,-48.45467,G,2025-02-11,2022-11-28,,9f13364848a0fd22,2041-12-08,,,Belém
LIC-LIC-01,CLARO S.A.,50409307637,010,105752021,1014510101,AV JOÃO PAULO II,,PA,1501402,100MG7W,NR,SA-NSA,,3350,3350,60,FB,,,760,152312201350,24,25,13,-1,X,37,152312201350,251,-1.43683,-48.45467,G,2025-02-11,2022-11-28,,9f13364848a0fd23,2041-12-08,,,Belém
LIC-LIC-01,CLARO S.A.,50409307637,010,105752021,1000284007,TV QUINTINO BOCAIUVA,,PA,1501402,100MG7W,NR,SA-NSA,,3350,3350,0,FB,,,760,152312201350,24,25,13,0,X,18,152312201350,251,-1.42513,-48.45251,G,2024-10-07,2014-07-21,,f7536ae80357d236,2041-12-08,,,Belém
LIC-LIC-01,CLARO S.A.,50409307637,010,105752021,1000284007,TV QUINTINO BOCAIUVA,,PA,1501402,100MG7W,NR,SA-NSA,,3350,3350,120,FB,,,760,152312201350,24,25,13,0,X,18,152312201350,251,-1.42513,-48.45251,G,2024-10-07,2014-07-21,,f7536ae80357d237,2041-12-08,,,Belém
LIC-LIC-01,CLARO S.A.,50409307637,010,105752021,1000284007,TV QUINTINO BOCAIUVA,,PA,1501402,100MG7W,NR,SA-NSA,,3350,3350,240,FB,,,760,152312201350,24,25,13,0,X,18,152312201350,251,-1.42513,-48.45251,G,2024-10-07,2014-07-21,,f7536ae80357d238,2041-12-08,,,Belém
LIC-LIC-01,CLARO S.A.,50409307637,010,105752021,1016558306,AV PERIMETRAL,ESTRADA PRINCIPAL DA UFRA  AO LADO DO RU.,PA,1501402,50M0G7W,NR,SA-NSA,,3350,3350,100,FB,,,760,152312201350,24,25,13,0,X,40,152312201350,251,-1.45706,-48.43342,G,2025-03-19,2025-03-19,,d4dd3c080289d248,2041-12-08,,,Belém
LIC-LIC-01,CLARO S.A.,50409307637,010,105752021,1016558306,AV PERIMETRAL,ESTRADA PRINCIPAL DA UFRA  AO LADO DO RU.,PA,1501402,50M0G7W,NR,SA-NSA,,3350,3350,230,FB,,,760,152312201350,24,25,13,0,X,40,152312201350,251,-1.45706,-48.43342,G,2025-03-19,2025-03-19,,d4dd3c080289d249,2041-12-08,,,Belém
LIC-LIC-01,CLARO S.A.,50409307637,010,105752021,1016558306,AV PERIMETRAL,ESTRADA PRINCIPAL DA UFRA  AO LADO DO RU.,PA,1501402,50M0G7W,NR,SA-NSA,,3350,3350,320,FB,,,760,152312201350,24,25,13,0,X,40,152312201350,251,-1.45706,-48.43342,G,2025-03-19,2025-03-19,,d4dd3c080289d24a,2041-12-08,,,Belém
LIC-LIC-01,CLARO S.A.,50409307637,010,105752021,1016648160,R ALMIRANTE BARROSO,,PA,1501402,100MG7W,NR,SA-NSA,,3350,3350,0,FB,,,168,184282301350,0.1,0.1,360,0,V,1,184282301350,1,-1.4319,-48.45509,E,2025-04-30,2025-04-30,,27358c08027947c3,2041-12-08,,,Belém
LIC-LIC-01,CLARO S.A.,50409307637,010,105752021,1016689168,TRAVESSA DAS MERCES,,PA,1501402,100MG7W,NR,SA-NSA,,3350,3350,60,FB,,,760,152312201350,24,25,13,1.5,X,46,152312201350,251,-1.44646,-48.46643,G,2025-08-05,2025-05-28,,c6208c08034299b0,2041-12-08,,,Belém
LIC-LIC-01,CLARO S.A.,50409307637,010,105752021,1016689168,TRAVESSA DAS MERCES,,PA,1501402,100MG7W,NR,SA-NSA,,3350,3350,200,FB,,,760,152312201350,24,25,13,2,X,46,152312201350,251,-1.44646,-48.46643,G,2025-08-05,2025-05-28,,c6208c08034299b1,2041-12-08,,,Belém
LIC-LIC-01,CLARO S.A.,50409307637,010,105752021,1016689168,TRAVESSA DAS MERCES,,PA,1501402,100MG7W,NR,SA-NSA,,3350,3350,320,FB,,,760,152312201350,24,25,13,1.5,X,46,152312201350,251,-1.44646,-48.46643,G,2025-08-05,2025-05-28,,c6208c08034299b2,2041-12-08,,,Belém
LIC-LIC-01,CLARO S.A.,50409307637,010,105752021,1016903836,AV MAGALHAES BARATA,,PA,1501402,70M0G7W,NR,SA-NSA,,3350,3350,0,FB,,,760,152382201350,24.5,25,12.5,0,X,28,152382201350,223.8,-1.45155,-48.47469,G,2025-09-09,2025-09-09,,cdfef4c8604eed75,2041-12-08,,,Belém
LIC-LIC-01,CLARO S.A.,50409307637,010,105752021,1016903836,AV MAGALHAES BARATA,,PA,1501402,70M0G7W,NR,SA-NSA,,3350,3350,120,FB,,,760,152382201350,24.5,25,12.5,0,X,28,152382201350,223.8,-1.45155,-48.47469,G,2025-09-09,2025-09-09,,cdfef4c8604eed76,2041-12-08,,,Belém
LIC-LIC-01,CLARO S.A.,50409307637,010,105752021,1016903836,AV MAGALHAES BARATA,,PA,1501402,70M0G7W,NR,SA-NSA,,3350,3350,240,FB,,,760,152382201350,24.5,25,12.5,0,X,28,152382201350,223.8,-1.45155,-48.47469,G,2025-09-09,2025-09-09,,cdfef4c8604eed77,2041-12-08,,,Belém
LIC-LIC-01,CLARO S.A.,50409307637,010,105752021,1016912207,ILHA DO COMBU,CASA DO CHOCOLATE DA DONA NENA,PA,1501402,50M0G7W,NR,SA-NSA,,3350,3350,10,FB,,,760,152312201350,24,25,13,0,X,56,152312201350,251,-1.50007,-48.46055,G,2025-10-20,2025-09-12,,685534d8847d03fb,2041-12-08,,,Belém
LIC-LIC-01,CLARO S.A.,50409307637,010,105752021,1016912207,ILHA DO COMBU,CASA DO CHOCOLATE DA DONA NENA,PA,1501402,50M0G7W,NR,SA-NSA,,3350,3350,110,FB,,,760,152312201350,24,25,13,0,X,56,152312201350,251,-1.50007,-48.46055,G,2025-10-20,2025-09-12,,685534d8847d03fc,2041-12-08,,,Belém
LIC-LIC-01,CLARO S.A.,50409307637,010,105752021,1016912207,ILHA DO COMBU,CASA DO CHOCOLATE DA DONA NENA,PA,1501402,50M0G7W,NR,SA-NSA,,3350,3350,220,FB,,,760,152312201350,24,25,13,0,X,56,152312201350,251,-1.50007,-48.46055,G,2025-10-20,2025-09-12,,685534d8847d03fd,2041-12-08,,,Belém
LIC-LIC-01,CLARO S.A.,50409307637,010,105752021,1016904930,R BOM JARDIM,,PA,1501402,100MG7W,NR,SA-NSA,,3350,3350,180,FB,,,760,152312201350,24,25,13,-2,X,40,152312201350,251,-1.42236,-48.47416,G,2025-09-09,2025-09-09,,cdfef4c87ab86e47,2041-12-08,,,Belém
LIC-LIC-01,CLARO S.A.,50409307637,010,105752021,1016904930,R BOM JARDIM,,PA,1501402,100MG7W,NR,SA-NSA,,3350,3350,300,FB,,,760,152312201350,24,25,13,-4,X,40,152312201350,251,-1.42236,-48.47416,G,2025-09-09,2025-09-09,,cdfef4c87ab86e48,2041-12-08,,,Belém
LIC-LIC-01,CLARO S.A.,50409307637,010,105752021,1016904930,R BOM JARDIM,,PA,1501402,100MG7W,NR,SA-NSA,,3350,3350,60,FB,,,760,152312201350,24,25,13,-1,X,40,152312201350,251,-1.42236,-48.47416,G,2025-09-09,2025-09-09,,cdfef4c87ab86e49,2041-12-08,,,Belém
LIC-LIC-01,CLARO S.A.,50409307637,010,105752021,1016925481,AV BERNARDO SAYÃO,,PA,1501402,100MG7W,NR,SA-NSA,,3350,3350,190,FB,,,760,152312201350,24,25,13,-5,X,40,152312201350,39.8,-1.47683,-48.46006,G,2025-09-18,2025-09-18,,384d34d8a44e7618,2041-12-08,,,Belém
LIC-LIC-01,CLARO S.A.,50409307637,010,105752021,1016925481,AV BERNARDO SAYÃO,,PA,1501402,100MG7W,NR,SA-NSA,,3350,3350,290,FB,,,760,152312201350,24,25,13,0,X,40,152312201350,39.8,-1.47683,-48.46006,G,2025-09-18,2025-09-18,,384d34d8a44e7619,2041-12-08,,,Belém
LIC-LIC-01,CLARO S.A.,50409307637,010,105752021,1016925481,AV BERNARDO SAYÃO,,PA,1501402,100MG7W,NR,SA-NSA,,3350,3350,90,FB,,,760,152312201350,24,25,13,0,X,40,152312201350,39.8,-1.47683,-48.46006,G,2025-09-18,2025-09-18,,384d34d8a44e761a,2041-12-08,,,Belém
LIC-LIC-01,CLARO S.A.,50409307637,010,105752021,1016963650,AV PERIMETRAL,UFPA - PORTÃO 3,PA,1501402,80M0G7W,NR,SA-NSA,,3350,3350,0,FB,,,760,152312201350,24,25,13,0,X,28,152312201350,39.8,-1.47282,-48.45128,G,2025-09-26,2025-09-26,,7f1c14d8d20b57a9,2041-12-08,,,Belém
LIC-LIC-01,CLARO S.A.,50409307637,010,105752021,1016963650,AV PERIMETRAL,UFPA - PORTÃO 3,PA,1501402,80M0G7W,NR,SA-NSA,,3350,3350,110,FB,,,760,152312201350,24,25,13,0,X,28,152312201350,39.8,-1.47282,-48.45128,G,2025-09-26,2025-09-26,,7f1c14d8d20b57aa,2041-12-08,,,Belém
LIC-LIC-01,CLARO S.A.,50409307637,010,105752021,1016963650,AV PERIMETRAL,UFPA - PORTÃO 3,PA,1501402,80M0G7W,NR,SA-NSA,,3350,3350,230,FB,,,760,152312201350,24,25,13,0,X,28,152312201350,39.8,-1.47282,-48.45128,G,2025-09-26,2025-09-26,,7f1c14d8d20b57ab,2041-12-08,,,Belém
LIC-LIC-01,CLARO S.A.,50409307637,010,105752021,1017373725,TV QUINTINO BOCAIUVA,PREDIO CLARO EMBRATEL,PA,1501402,50M0G7W,NR,SA-NSA,,2325,2325,0,FB,,,760,047302002084,18,23,63.3,-2,X,16,049362201350,79,-1.42513,-48.45251,G,2026-01-28,2026-01-28,,a6e763185a44f95e,2041-12-08,,,Belém
LIC-LIC-01,CLARO S.A.,50409307637,010,105752021,1017373725,TV QUINTINO BOCAIUVA,PREDIO CLARO EMBRATEL,PA,1501402,50M0G7W,NR,SA-NSA,,2325,2325,120,FB,,,760,047302002084,18,23,63.3,-2,X,16,049362201350,79,-1.42513,-48.45251,G,2026-01-28,2026-01-28,,a6e763185a44f95f,2041-12-08,,,Belém
LIC-LIC-01,CLARO S.A.,50409307637,010,105752021,1017373725,TV QUINTINO BOCAIUVA,PREDIO CLARO EMBRATEL,PA,1501402,50M0G7W,NR,SA-NSA,,2325,2325,240,FB,,,760,047302002084,18,23,63.3,-2,X,16,049362201350,79,-1.42513,-48.45251,G,2026-01-28,2026-01-28,,a6e763185a44f960,2041-12-08,,,Belém
LIC-LIC-01,CLARO S.A.,50409307637,010,105752021,1017373725,TV QUINTINO BOCAIUVA,PREDIO CLARO EMBRATEL,PA,1501402,100MG7W,NR,SA-NSA,,3350,3350,0,FB,,,760,152382201350,24.5,25,12.5,-2,X,14,152382201350,35,-1.42513,-48.45251,G,2026-01-28,2026-01-28,,a6e763185a44f961,2041-12-08,,,Belém
LIC-LIC-01,CLARO S.A.,50409307637,010,105752021,1017373725,TV QUINTINO BOCAIUVA,PREDIO CLARO EMBRATEL,PA,1501402,100MG7W,NR,SA-NSA,,3350,3350,120,FB,,,760,152382201350,24.5,25,12.5,-2,X,14,152382201350,35,-1.42513,-48.45251,G,2026-01-28,2026-01-28,,a6e763185a44f962,2041-12-08,,,Belém
LIC-LIC-01,CLARO S.A.,50409307637,010,105752021,1017373725,TV QUINTINO BOCAIUVA,PREDIO CLARO EMBRATEL,PA,1501402,100MG7W,NR,SA-NSA,,3350,3350,240,FB,,,760,152382201350,24.5,25,12.5,-2,X,14,152382201350,35,-1.42513,-48.45251,G,2026-01-28,2026-01-28,,a6e763185a44f963,2041-12-08,,,Belém
LIC-LIC-01,CLARO S.A.,50409307637,010,105752021,690459076,AV MARQUES DE HERVAL,,PA,1501402,100MG7W,NR,SA-NSA,,3350,3350,0,FB,,,760,152312201350,24,25,13,-3,X,63,152312201350,39.8,-1.43508,-48.47346,G,2026-01-23,2008-06-19,,5351f4d82c1d1035,2041-12-08,,,Belém
LIC-LIC-01,CLARO S.A.,50409307637,010,105752021,690459076,AV MARQUES DE HERVAL,,PA,1501402,100MG7W,NR,SA-NSA,,3350,3350,120,FB,,,760,152312201350,24,25,13,-2,X,63,152312201350,39.8,-1.43508,-48.47346,G,2026-01-23,2008-06-19,,5351f4d82c1d1036,2041-12-08,,,Belém
LIC-LIC-01,CLARO S.A.,50409307637,010,105752021,690459076,AV MARQUES DE HERVAL,,PA,1501402,100MG7W,NR,SA-NSA,,3350,3350,240,FB,,,760,152312201350,24,25,13,-2,X,63,152312201350,39.8,-1.43508,-48.47346,G,2026-01-23,2008-06-19,,5351f4d82c1d1037,2041-12-08,,,Belém
LIC-LIC-01,CLARO S.A.,50409307637,010,105752021,1017366087,TV QUINTINO BOCAIUVA,,PA,1501402,50M0G7W,NR,SA-NSA,,2325,2325,0,FB,,,760,047302002084,18,23,63.3,-2,X,16,049362201350,79,-1.42513,-48.45251,G,2026-01-23,2026-01-23,,5351f4d831c8ad4a,2041-12-08,,,Belém
LIC-LIC-01,CLARO S.A.,50409307637,010,105752021,1017366087,TV QUINTINO BOCAIUVA,,PA,1501402,50M0G7W,NR,SA-NSA,,2325,2325,120,FB,,,760,047302002084,18,23,63.3,-2,X,16,049362201350,79,-1.42513,-48.45251,G,2026-01-23,2026-01-23,,5351f4d831c8ad4b,2041-12-08,,,Belém
LIC-LIC-01,CLARO S.A.,50409307637,010,105752021,1017366087,TV QUINTINO BOCAIUVA,,PA,1501402,50M0G7W,NR,SA-NSA,,2325,2325,240,FB,,,760,047302002084,18,23,63.3,-2,X,16,049362201350,79,-1.42513,-48.45251,G,2026-01-23,2026-01-23,,5351f4d831c8ad4c,2041-12-08,,,Belém
LIC-LIC-01,CLARO S.A.,50409307637,010,105752021,1017366087,TV QUINTINO BOCAIUVA,,PA,1501402,100MG7W,NR,SA-NSA,,3350,3350,0,FB,,,760,152382201350,24.5,25,12.5,-2,X,14,152382201350,35,-1.42513,-48.45251,G,2026-01-23,2026-01-23,,5351f4d831c8ad4d,2041-12-08,,,Belém
LIC-LIC-01,CLARO S.A.,50409307637,010,105752021,1017366087,TV QUINTINO BOCAIUVA,,PA,1501402,100MG7W,NR,SA-NSA,,3350,3350,120,FB,,,760,152382201350,24.5,25,12.5,-2,X,14,152382201350,35,-1.42513,-48.45251,G,2026-01-23,2026-01-23,,5351f4d831c8ad4e,2041-12-08,,,Belém
LIC-LIC-01,CLARO S.A.,50409307637,010,105752021,1017366087,TV QUINTINO BOCAIUVA,,PA,1501402,100MG7W,NR,SA-NSA,,3350,3350,240,FB,,,760,152382201350,24.5,25,12.5,-2,X,14,152382201350,35,-1.42513,-48.45251,G,2026-01-23,2026-01-23,,5351f4d831c8ad4f,2041-12-08,,,Belém
LIC-LIC-01,CLARO S.A.,50409307637,010,105752021,1017366095,TV QUINTINO BOCAIUVA,,PA,1501402,50M0G7W,NR,SA-NSA,,2325,2325,0,FB,,,760,047302002084,18,23,63.3,-2,X,16,049362201350,79,-1.42513,-48.45251,G,2026-01-23,2026-01-23,,5351f4d831c8ad65,2041-12-08,,,Belém
LIC-LIC-01,CLARO S.A.,50409307637,010,105752021,1017366095,TV QUINTINO BOCAIUVA,,PA,1501402,50M0G7W,NR,SA-NSA,,2325,2325,120,FB,,,760,047302002084,18,23,63.3,-2,X,16,049362201350,79,-1.42513,-48.45251,G,2026-01-23,2026-01-23,,5351f4d831c8ad66,2041-12-08,,,Belém
LIC-LIC-01,CLARO S.A.,50409307637,010,105752021,1017366095,TV QUINTINO BOCAIUVA,,PA,1501402,50M0G7W,NR,SA-NSA,,2325,2325,240,FB,,,760,047302002084,18,23,63.3,-2,X,16,049362201350,79,-1.42513,-48.45251,G,2026-01-23,2026-01-23,,5351f4d831c8ad67,2041-12-08,,,Belém
LIC-LIC-01,CLARO S.A.,50409307637,010,105752021,1017366095,TV QUINTINO BOCAIUVA,,PA,1501402,100MG7W,NR,SA-NSA,,3350,3350,0,FB,,,760,152382201350,24.5,25,12.5,-2,X,14,152382201350,35,-1.42513,-48.45251,G,2026-01-23,2026-01-23,,5351f4d831c8ad68,2041-12-08,,,Belém
LIC-LIC-01,CLARO S.A.,50409307637,010,105752021,1017366095,TV QUINTINO BOCAIUVA,,PA,1501402,100MG7W,NR,SA-NSA,,3350,3350,120,FB,,,760,152382201350,24.5,25,12.5,-2,X,14,152382201350,35,-1.42513,-48.45251,G,2026-01-23,2026-01-23,,5351f4d831c8ad69,2041-12-08,,,Belém
LIC-LIC-01,CLARO S.A.,50409307637,010,105752021,1017366095,TV QUINTINO BOCAIUVA,,PA,1501402,100MG7W,NR,SA-NSA,,3350,3350,240,FB,,,760,152382201350,24.5,25,12.5,-2,X,14,152382201350,35,-1.42513,-48.45251,G,2026-01-23,2026-01-23,,5351f4d831c8ad6a,2041-12-08,,,Belém
LIC-LIC-01,CLARO S.A.,50409307637,010,105752021,1017366109,TV QUINTINO BOCAIUVA,,PA,1501402,50M0G7W,NR,SA-NSA,,2325,2325,0,FB,,,760,047302002084,18,23,63.3,-2,X,16,049362201350,79,-1.42513,-48.45251,G,2026-01-23,2026-01-23,,5351f4d831c8ad80,2041-12-08,,,Belém
LIC-LIC-01,CLARO S.A.,50409307637,010,105752021,1017366109,TV QUINTINO BOCAIUVA,,PA,1501402,50M0G7W,NR,SA-NSA,,2325,2325,120,FB,,,760,047302002084,18,23,63.3,-2,X,16,049362201350,79,-1.42513,-48.45251,G,2026-01-23,2026-01-23,,5351f4d831c8ad81,2041-12-08,,,Belém
LIC-LIC-01,CLARO S.A.,50409307637,010,105752021,1017366109,TV QUINTINO BOCAIUVA,,PA,1501402,50M0G7W,NR,SA-NSA,,2325,2325,240,FB,,,760,047302002084,18,23,63.3,-2,X,16,049362201350,79,-1.42513,-48.45251,G,2026-01-23,2026-01-23,,5351f4d831c8ad82,2041-12-08,,,Belém
LIC-LIC-01,CLARO S.A.,50409307637,010,105752021,1017366109,TV QUINTINO BOCAIUVA,,PA,1501402,100MG7W,NR,SA-NSA,,3350,3350,0,FB,,,760,152382201350,24.5,25,12.5,-2,X,14,152382201350,35,-1.42513,-48.45251,G,2026-01-23,2026-01-23,,5351f4d831c8ad83,2041-12-08,,,Belém
LIC-LIC-01,CLARO S.A.,50409307637,010,105752021,1017366109,TV QUINTINO BOCAIUVA,,PA,1501402,100MG7W,NR,SA-NSA,,3350,3350,120,FB,,,760,152382201350,24.5,25,12.5,-2,X,14,152382201350,35,-1.42513,-48.45251,G,2026-01-23,2026-01-23,,5351f4d831c8ad84,2041-12-08,,,Belém
LIC-LIC-01,CLARO S.A.,50409307637,010,105752021,1017366109,TV QUINTINO BOCAIUVA,,PA,1501402,100MG7W,NR,SA-NSA,,3350,3350,240,FB,,,760,152382201350,24.5,25,12.5,-2,X,14,152382201350,35,-1.42513,-48.45251,G,2026-01-23,2026-01-23,,5351f4d831c8ad85,2041-12-08,,,Belém
