timestamp_utc,interval_sec,metric,value,unit
2026-07-04 18:34:40+00:00,20,cpu.costop.summation,0.0,ms
2026-07-04 18:34:40+00:00,20,cpu.ready.summation,25.0,ms
2026-07-04 18:34:40+00:00,20,cpu.usagemhz.average,25.0,MHz
2026-07-04 18:34:40+00:00,20,mem.active.average,50331648.0,KB
2026-07-04 18:34:40+00:00,20,mem.consumed.average,67108864.0,KB
2026-07-04 18:34:40+00:00,20,power.energy.summation,496.71,J
2026-07-04 18:34:40+00:00,20,power.power.average,24.835,W
2026-07-04 18:35:00+00:00,20,cpu.costop.summation,0.0,ms
2026-07-04 18:35:00+00:00,20,cpu.ready.summation,28.0,ms
2026-07-04 18:35:00+00:00,20,cpu.usagemhz.average,17.0,MHz
2026-07-04 18:35:00+00:00,20,mem.active.average,50331648.0,KB
2026-07-04 18:35:00+00:00,20,mem.consumed.average,67108864.0,KB
2026-07-04 18:35:00+00:00,20,power.energy.summation,419.396,J
2026-07-04 18:35:00+00:00,20,power.power.average,20.969,W
2026-07-04 18:35:20+00:00,20,cpu.costop.summation,0.0,ms
2026-07-04 18:35:20+00:00,20,cpu.ready.summation,28.0,ms
2026-07-04 18:35:20+00:00,20,cpu.usagemhz.average,23.0,MHz
2026-07-04 18:35:20+00:00,20,mem.active.average,50331648.0,KB
2026-07-04 18:35:20+00:00,20,mem.consumed.average,67108864.0,KB
2026-07-04 18:35:20+00:00,20,power.energy.summation,481.768,J
2026-07-04 18:35:20+00:00,20,power.power.average,24.088,W
2026-07-04 18:35:40+00:00,20,cpu.costop.summation,0.0,ms
2026-07-04 18:35:40+00:00,20,cpu.ready.summation,23.0,ms
2026-07-04 18:35:40+00:00,20,cpu.usagemhz.average,22.0,MHz
2026-07-04 18:35:40+00:00,20,mem.active.average,50331648.0,KB
2026-07-04 18:35:40+00:00,20,mem.consumed.average,67108864.0,KB
2026-07-04 18:35:40+00:00,20,power.energy.summation,522.441,J
2026-07-04 18:35:40+00:00,20,power.power.average,26.122,W
2026-07-04 18:36:00+00:00,20,cpu.costop.summation,0.0,ms
2026-07-04 18:36:00+00:00,20,cpu.ready.summation,22.0,ms
2026-07-04 18:36:00+00:00,20,cpu.usagemhz.average,29.0,MHz
2026-07-04 18:36:00+00:00,20,mem.active.average,50331648.0,KB
2026-07-04 18:36:00+00:00,20,mem.consumed.average,67108864.0,KB
2026-07-04 18:36:00+00:00,20,power.energy.summation,227.378,J
2026-07-04 18:36:00+00:00,20,power.power.average,11.368,W
2026-07-04 18:36:20+00:00,20,cpu.costop.summation,0.0,ms
2026-07-04 18:36:20+00:00,20,cpu.ready.summation,20.0,ms
2026-07-04 18:36:20+00:00,20,cpu.usagemhz.average,28.0,MHz
2026-07-04 18:36:20+00:00,20,mem.active.average,50331648.0,KB
2026-07-04 18:36:20+00:00,20,mem.consumed.average,67108864.0,KB
2026-07-04 18:36:20+00:00,20,power.energy.summation,626.885,J
2026-07-04 18:36:20+00:00,20,power.power.average,31.344,W
2026-07-04 18:36:40+00:00,20,cpu.costop.summation,0.0,ms
2026-07-04 18:36:40+00:00,20,cpu.ready.summation,22.0,ms
2026-07-04 18:36:40+00:00,20,cpu.usagemhz.average,22.0,MHz
2026-07-04 18:36:40+00:00,20,mem.active.average,50331648.0,KB
2026-07-04 18:36:40+00:00,20,mem.consumed.average,67108864.0,KB
2026-07-04 18:36:40+00:00,20,power.energy.summation,481.1,J
2026-07-04 18:36:40+00:00,20,power.power.average,24.055,W
2026-07-04 18:37:00+00:00,20,cpu.costop.summation,0.0,ms
2026-07-04 18:37:00+00:00,20,cpu.ready.summation,23.0,ms
2026-07-04 18:37:00+00:00,20,cpu.usagemhz.average,22.0,MHz
2026-07-04 18:37:00+00:00,20,mem.active.average,50331648.0,KB
2026-07-04 18:37:00+00:00,20,mem.consumed.average,67108864.0,KB
2026-07-04 18:37:00+00:00,20,power.energy.summation,557.36,J
2026-07-04 18:37:00+00:00,20,power.power.average,27.868,W
2026-07-04 18:37:20+00:00,20,cpu.costop.summation,0.0,ms
2026-07-04 18:37:20+00:00,20,cpu.ready.summation,25.0,ms
2026-07-04 18:37:20+00:00,20,cpu.usagemhz.average,21.0,MHz
2026-07-04 18:37:20+00:00,20,mem.active.average,50331648.0,KB
2026-07-04 18:37:20+00:00,20,mem.consumed.average,67108864.0,KB
2026-07-04 18:37:20+00:00,20,power.energy.summation,478.419,J
2026-07-04 18:37:20+00:00,20,power.power.average,23.92,W
2026-07-04 18:37:40+00:00,20,cpu.costop.summation,0.0,ms
2026-07-04 18:37:40+00:00,20,cpu.ready.summation,29.0,ms
2026-07-04 18:37:40+00:00,20,cpu.usagemhz.average,22.0,MHz
2026-07-04 18:37:40+00:00,20,mem.active.average,50331648.0,KB
2026-07-04 18:37:40+00:00,20,mem.consumed.average,67108864.0,KB
2026-07-04 18:37:40+00:00,20,power.energy.summation,285.734,J
2026-07-04 18:37:40+00:00,20,power.power.average,14.286,W
2026-07-04 18:38:00+00:00,20,cpu.costop.summation,0.0,ms
2026-07-04 18:38:00+00:00,20,cpu.ready.summation,27.0,ms
2026-07-04 18:38:00+00:00,20,cpu.usagemhz.average,30.0,MHz
2026-07-04 18:38:00+00:00,20,mem.active.average,50331648.0,KB
2026-07-04 18:38:00+00:00,20,mem.consumed.average,67108864.0,KB
2026-07-04 18:38:00+00:00,20,power.energy.summation,623.8,J
2026-07-04 18:38:00+00:00,20,power.power.average,31.19,W
2026-07-04 18:38:20+00:00,20,cpu.costop.summation,0.0,ms
2026-07-04 18:38:20+00:00,20,cpu.ready.summation,28.0,ms
2026-07-04 18:38:20+00:00,20,cpu.usagemhz.average,27.0,MHz
2026-07-04 18:38:20+00:00,20,mem.active.average,50331648.0,KB
2026-07-04 18:38:20+00:00,20,mem.consumed.average,67108864.0,KB
2026-07-04 18:38:20+00:00,20,power.energy.summation,496.364,J
2026-07-04 18:38:20+00:00,20,power.power.average,24.818,W
2026-07-04 18:38:40+00:00,20,cpu.costop.summation,0.0,ms
2026-07-04 18:38:40+00:00,20,cpu.ready.summation,27.0,ms
2026-07-04 18:38:40+00:00,20,cpu.usagemhz.average,27.0,MHz
2026-07-04 18:38:40+00:00,20,mem.active.average,50331648.0,KB
2026-07-04 18:38:40+00:00,20,mem.consumed.average,67108864.0,KB
2026-07-04 18:38:40+00:00,20,power.energy.summation,554.408,J
2026-07-04 18:38:40+00:00,20,power.power.average,27.72,W
2026-07-04 18:39:00+00:00,20,cpu.costop.summation,0.0,ms
2026-07-04 18:39:00+00:00,20,cpu.ready.summation,28.0,ms
2026-07-04 18:39:00+00:00,20,cpu.usagemhz.average,20.0,MHz
2026-07-04 18:39:00+00:00,20,mem.active.average,50331648.0,KB
2026-07-04 18:39:00+00:00,20,mem.consumed.average,67108864.0,KB
2026-07-04 18:39:00+00:00,20,power.energy.summation,362.073,J
2026-07-04 18:39:00+00:00,20,power.power.average,18.103,W
2026-07-04 18:39:20+00:00,20,cpu.costop.summation,0.0,ms
2026-07-04 18:39:20+00:00,20,cpu.ready.summation,34.0,ms
2026-07-04 18:39:20+00:00,20,cpu.usagemhz.average,19.0,MHz
2026-07-04 18:39:20+00:00,20,mem.active.average,50331648.0,KB
2026-07-04 18:39:20+00:00,20,mem.consumed.average,67108864.0,KB
2026-07-04 18:39:20+00:00,20,power.energy.summation,358.053,J
2026-07-04 18:39:20+00:00,20,power.power.average,17.902,W
2026-07-04 18:39:40+00:00,20,cpu.costop.summation,0.0,ms
2026-07-04 18:39:40+00:00,20,cpu.ready.summation,31.0,ms
2026-07-04 18:39:40+00:00,20,cpu.usagemhz.average,24.0,MHz
2026-07-04 18:39:40+00:00,20,mem.active.average,50331648.0,KB
2026-07-04 18:39:40+00:00,20,mem.consumed.average,67108864.0,KB
2026-07-04 18:39:40+00:00,20,power.energy.summation,503.707,J
2026-07-04 18:39:40+00:00,20,power.power.average,25.185,W
2026-07-04 18:40:00+00:00,20,cpu.costop.summation,0.0,ms
2026-07-04 18:40:00+00:00,20,cpu.ready.summation,30.0,ms
2026-07-04 18:40:00+00:00,20,cpu.usagemhz.average,28.0,MHz
2026-07-04 18:40:00+00:00,20,mem.active.average,50331648.0,KB
2026-07-04 18:40:00+00:00,20,mem.consumed.average,67108864.0,KB
2026-07-04 18:40:00+00:00,20,power.energy.summation,643.024,J
2026-07-04 18:40:00+00:00,20,power.power.average,32.151,W
2026-07-04 18:40:20+00:00,20,cpu.costop.summation,0.0,ms
2026-07-04 18:40:20+00:00,20,cpu.ready.summation,26.0,ms
2026-07-04 18:40:20+00:00,20,cpu.usagemhz.average,29.0,MHz
2026-07-04 18:40:20+00:00,20,mem.active.average,50331648.0,KB
2026-07-04 18:40:20+00:00,20,mem.consumed.average,67108864.0,KB
2026-07-04 18:40:20+00:00,20,power.energy.summation,456.72,J
2026-07-04 18:40:20+00:00,20,power.power.average,22.836,W
2026-07-04 18:40:40+00:00,20,cpu.costop.summation,0.0,ms
2026-07-04 18:40:40+00:00,20,cpu.ready.summation,27.0,ms
2026-07-04 18:40:40+00:00,20,cpu.usagemhz.average,20.0,MHz
2026-07-04 18:40:40+00:00,20,mem.active.average,50331648.0,KB
2026-07-04 18:40:40+00:00,20,mem.consumed.average,67108864.0,KB
2026-07-04 18:40:40+00:00,20,power.energy.summation,262.282,J
2026-07-04 18:40:40+00:00,20,power.power.average,13.114,W
2026-07-04 18:41:00+00:00,20,cpu.costop.summation,0.0,ms
2026-07-04 18:41:00+00:00,20,cpu.ready.summation,30.0,ms
2026-07-04 18:41:00+00:00,20,cpu.usagemhz.average,21.0,MHz
2026-07-04 18:41:00+00:00,20,mem.active.average,50331648.0,KB
2026-07-04 18:41:00+00:00,20,mem.consumed.average,67108864.0,KB
2026-07-04 18:41:00+00:00,20,power.energy.summation,448.352,J
2026-07-04 18:41:00+00:00,20,power.power.average,22.417,W
2026-07-04 18:41:20+00:00,20,cpu.costop.summation,0.0,ms
2026-07-04 18:41:20+00:00,20,cpu.ready.summation,30.0,ms
2026-07-04 18:41:20+00:00,20,cpu.usagemhz.average,21.0,MHz
2026-07-04 18:41:20+00:00,20,mem.active.average,50331648.0,KB
2026-07-04 18:41:20+00:00,20,mem.consumed.average,67108864.0,KB
2026-07-04 18:41:20+00:00,20,power.energy.summation,473.49,J
2026-07-04 18:41:20+00:00,20,power.power.average,23.674,W
2026-07-04 18:41:40+00:00,20,cpu.costop.summation,0.0,ms
2026-07-04 18:41:40+00:00,20,cpu.ready.summation,28.0,ms
2026-07-04 18:41:40+00:00,20,cpu.usagemhz.average,19.0,MHz
2026-07-04 18:41:40+00:00,20,mem.active.average,50331648.0,KB
2026-07-04 18:41:40+00:00,20,mem.consumed.average,67108864.0,KB
2026-07-04 18:41:40+00:00,20,power.energy.summation,439.386,J
2026-07-04 18:41:40+00:00,20,power.power.average,21.969,W
2026-07-04 18:42:00+00:00,20,cpu.costop.summation,0.0,ms
2026-07-04 18:42:00+00:00,20,cpu.ready.summation,27.0,ms
2026-07-04 18:42:00+00:00,20,cpu.usagemhz.average,28.0,MHz
2026-07-04 18:42:00+00:00,20,mem.active.average,50331648.0,KB
2026-07-04 18:42:00+00:00,20,mem.consumed.average,67108864.0,KB
2026-07-04 18:42:00+00:00,20,power.energy.summation,602.45,J
2026-07-04 18:42:00+00:00,20,power.power.average,30.122,W
2026-07-04 18:42:20+00:00,20,cpu.costop.summation,0.0,ms
2026-07-04 18:42:20+00:00,20,cpu.ready.summation,28.0,ms
2026-07-04 18:42:20+00:00,20,cpu.usagemhz.average,27.0,MHz
2026-07-04 18:42:20+00:00,20,mem.active.average,50331648.0,KB
2026-07-04 18:42:20+00:00,20,mem.consumed.average,67108864.0,KB
2026-07-04 18:42:20+00:00,20,power.energy.summation,402.651,J
2026-07-04 18:42:20+00:00,20,power.power.average,20.132,W
2026-07-04 18:42:40+00:00,20,cpu.costop.summation,0.0,ms
2026-07-04 18:42:40+00:00,20,cpu.ready.summation,28.0,ms
2026-07-04 18:42:40+00:00,20,cpu.usagemhz.average,18.0,MHz
2026-07-04 18:42:40+00:00,20,mem.active.average,50331648.0,KB
2026-07-04 18:42:40+00:00,20,mem.consumed.average,67108864.0,KB
2026-07-04 18:42:40+00:00,20,power.energy.summation,409.307,J
2026-07-04 18:42:40+00:00,20,power.power.average,20.465,W
2026-07-04 18:43:00+00:00,20,cpu.costop.summation,0.0,ms
2026-07-04 18:43:00+00:00,20,cpu.ready.summation,29.0,ms
2026-07-04 18:43:00+00:00,20,cpu.usagemhz.average,19.0,MHz
2026-07-04 18:43:00+00:00,20,mem.active.average,50331648.0,KB
2026-07-04 18:43:00+00:00,20,mem.consumed.average,67108864.0,KB
2026-07-04 18:43:00+00:00,20,power.energy.summation,320.399,J
2026-07-04 18:43:00+00:00,20,power.power.average,16.019,W
2026-07-04 18:43:20+00:00,20,cpu.costop.summation,0.0,ms
2026-07-04 18:43:20+00:00,20,cpu.ready.summation,27.0,ms
2026-07-04 18:43:20+00:00,20,cpu.usagemhz.average,22.0,MHz
2026-07-04 18:43:20+00:00,20,mem.active.average,50331648.0,KB
2026-07-04 18:43:20+00:00,20,mem.consumed.average,67108864.0,KB
2026-07-04 18:43:20+00:00,20,power.energy.summation,485.547,J
2026-07-04 18:43:20+00:00,20,power.power.average,24.277,W
2026-07-04 18:43:40+00:00,20,cpu.costop.summation,0.0,ms
2026-07-04 18:43:40+00:00,20,cpu.ready.summation,23.0,ms
2026-07-04 18:43:40+00:00,20,cpu.usagemhz.average,20.0,MHz
2026-07-04 18:43:40+00:00,20,mem.active.average,50331648.0,KB
2026-07-04 18:43:40+00:00,20,mem.consumed.average,67108864.0,KB
2026-07-04 18:43:40+00:00,20,power.energy.summation,425.927,J
2026-07-04 18:43:40+00:00,20,power.power.average,21.296,W
2026-07-04 18:44:00+00:00,20,cpu.costop.summation,0.0,ms
2026-07-04 18:44:00+00:00,20,cpu.ready.summation,28.0,ms
2026-07-04 18:44:00+00:00,20,cpu.usagemhz.average,27.0,MHz
2026-07-04 18:44:00+00:00,20,mem.active.average,50331648.0,KB
2026-07-04 18:44:00+00:00,20,mem.consumed.average,67108864.0,KB
2026-07-04 18:44:00+00:00,20,power.energy.summation,511.507,J
2026-07-04 18:44:00+00:00,20,power.power.average,25.575,W
2026-07-04 18:44:20+00:00,20,cpu.costop.summation,0.0,ms
2026-07-04 18:44:20+00:00,20,cpu.ready.summation,27.0,ms
2026-07-04 18:44:20+00:00,20,cpu.usagemhz.average,24.0,MHz
2026-07-04 18:44:20+00:00,20,mem.active.average,50331648.0,KB
2026-07-04 18:44:20+00:00,20,mem.consumed.average,67108864.0,KB
2026-07-04 18:44:20+00:00,20,power.energy.summation,482.763,J
2026-07-04 18:44:20+00:00,20,power.power.average,24.138,W
2026-07-04 18:44:40+00:00,20,cpu.costop.summation,0.0,ms
2026-07-04 18:44:40+00:00,20,cpu.ready.summation,27.0,ms
2026-07-04 18:44:40+00:00,20,cpu.usagemhz.average,19.0,MHz
2026-07-04 18:44:40+00:00,20,mem.active.average,50331648.0,KB
2026-07-04 18:44:40+00:00,20,mem.consumed.average,67108864.0,KB
2026-07-04 18:44:40+00:00,20,power.energy.summation,425.621,J
2026-07-04 18:44:40+00:00,20,power.power.average,21.281,W
2026-07-04 18:45:00+00:00,20,cpu.costop.summation,0.0,ms
2026-07-04 18:45:00+00:00,20,cpu.ready.summation,27.0,ms
2026-07-04 18:45:00+00:00,20,cpu.usagemhz.average,25.0,MHz
2026-07-04 18:45:00+00:00,20,mem.active.average,50331648.0,KB
2026-07-04 18:45:00+00:00,20,mem.consumed.average,67108864.0,KB
2026-07-04 18:45:00+00:00,20,power.energy.summation,539.957,J
2026-07-04 18:45:00+00:00,20,power.power.average,26.997,W
2026-07-04 18:45:20+00:00,20,cpu.costop.summation,0.0,ms
2026-07-04 18:45:20+00:00,20,cpu.ready.summation,26.0,ms
2026-07-04 18:45:20+00:00,20,cpu.usagemhz.average,23.0,MHz
2026-07-04 18:45:20+00:00,20,mem.active.average,50331648.0,KB
2026-07-04 18:45:20+00:00,20,mem.consumed.average,67108864.0,KB
2026-07-04 18:45:20+00:00,20,power.energy.summation,246.437,J
2026-07-04 18:45:20+00:00,20,power.power.average,12.321,W
2026-07-04 18:45:40+00:00,20,cpu.costop.summation,0.0,ms
2026-07-04 18:45:40+00:00,20,cpu.ready.summation,26.0,ms
2026-07-04 18:45:40+00:00,20,cpu.usagemhz.average,21.0,MHz
2026-07-04 18:45:40+00:00,20,mem.active.average,50331648.0,KB
2026-07-04 18:45:40+00:00,20,mem.consumed.average,67108864.0,KB
2026-07-04 18:45:40+00:00,20,power.energy.summation,436.729,J
2026-07-04 18:45:40+00:00,20,power.power.average,21.836,W
2026-07-04 18:46:00+00:00,20,cpu.costop.summation,0.0,ms
2026-07-04 18:46:00+00:00,20,cpu.ready.summation,26.0,ms
2026-07-04 18:46:00+00:00,20,cpu.usagemhz.average,25.0,MHz
2026-07-04 18:46:00+00:00,20,mem.active.average,50331648.0,KB
2026-07-04 18:46:00+00:00,20,mem.consumed.average,67108864.0,KB
2026-07-04 18:46:00+00:00,20,power.energy.summation,468.937,J
2026-07-04 18:46:00+00:00,20,power.power.average,23.446,W
2026-07-04 18:46:20+00:00,20,cpu.costop.summation,0.0,ms
2026-07-04 18:46:20+00:00,20,cpu.ready.summation,33.0,ms
2026-07-04 18:46:20+00:00,20,cpu.usagemhz.average,27.0,MHz
2026-07-04 18:46:20+00:00,20,mem.active.average,50331648.0,KB
2026-07-04 18:46:20+00:00,20,mem.consumed.average,67108864.0,KB
2026-07-04 18:46:20+00:00,20,power.energy.summation,563.902,J
2026-07-04 18:46:20+00:00,20,power.power.average,28.195,W
2026-07-04 18:46:40+00:00,20,cpu.costop.summation,0.0,ms
2026-07-04 18:46:40+00:00,20,cpu.ready.summation,34.0,ms
2026-07-04 18:46:40+00:00,20,cpu.usagemhz.average,25.0,MHz
2026-07-04 18:46:40+00:00,20,mem.active.average,50331648.0,KB
2026-07-04 18:46:40+00:00,20,mem.consumed.average,67108864.0,KB
2026-07-04 18:46:40+00:00,20,power.energy.summation,475.269,J
2026-07-04 18:46:40+00:00,20,power.power.average,23.763,W
2026-07-04 18:47:00+00:00,20,cpu.costop.summation,0.0,ms
2026-07-04 18:47:00+00:00,20,cpu.ready.summation,33.0,ms
2026-07-04 18:47:00+00:00,20,cpu.usagemhz.average,23.0,MHz
2026-07-04 18:47:00+00:00,20,mem.active.average,50331648.0,KB
2026-07-04 18:47:00+00:00,20,mem.consumed.average,67108864.0,KB
2026-07-04 18:47:00+00:00,20,power.energy.summation,288.368,J
2026-07-04 18:47:00+00:00,20,power.power.average,14.418,W
2026-07-04 18:47:20+00:00,20,cpu.costop.summation,0.0,ms
2026-07-04 18:47:20+00:00,20,cpu.ready.summation,29.0,ms
2026-07-04 18:47:20+00:00,20,cpu.usagemhz.average,22.0,MHz
2026-07-04 18:47:20+00:00,20,mem.active.average,50331648.0,KB
2026-07-04 18:47:20+00:00,20,mem.consumed.average,67108864.0,KB
2026-07-04 18:47:20+00:00,20,power.energy.summation,517.395,J
2026-07-04 18:47:20+00:00,20,power.power.average,25.869,W
2026-07-04 18:47:40+00:00,20,cpu.costop.summation,0.0,ms
2026-07-04 18:47:40+00:00,20,cpu.ready.summation,28.0,ms
2026-07-04 18:47:40+00:00,20,cpu.usagemhz.average,21.0,MHz
2026-07-04 18:47:40+00:00,20,mem.active.average,50331648.0,KB
2026-07-04 18:47:40+00:00,20,mem.consumed.average,67108864.0,KB
2026-07-04 18:47:40+00:00,20,power.energy.summation,484.69,J
2026-07-04 18:47:40+00:00,20,power.power.average,24.234,W
2026-07-04 18:48:00+00:00,20,cpu.costop.summation,0.0,ms
2026-07-04 18:48:00+00:00,20,cpu.ready.summation,26.0,ms
2026-07-04 18:48:00+00:00,20,cpu.usagemhz.average,28.0,MHz
2026-07-04 18:48:00+00:00,20,mem.active.average,50331648.0,KB
2026-07-04 18:48:00+00:00,20,mem.consumed.average,67108864.0,KB
2026-07-04 18:48:00+00:00,20,power.energy.summation,335.284,J
2026-07-04 18:48:00+00:00,20,power.power.average,16.764,W
2026-07-04 18:48:20+00:00,20,cpu.costop.summation,0.0,ms
2026-07-04 18:48:20+00:00,20,cpu.ready.summation,27.0,ms
2026-07-04 18:48:20+00:00,20,cpu.usagemhz.average,28.0,MHz
2026-07-04 18:48:20+00:00,20,mem.active.average,50331648.0,KB
2026-07-04 18:48:20+00:00,20,mem.consumed.average,67108864.0,KB
2026-07-04 18:48:20+00:00,20,power.energy.summation,552.149,J
2026-07-04 18:48:20+00:00,20,power.power.average,27.607,W
2026-07-04 18:48:40+00:00,20,cpu.costop.summation,0.0,ms
2026-07-04 18:48:40+00:00,20,cpu.ready.summation,29.0,ms
2026-07-04 18:48:40+00:00,20,cpu.usagemhz.average,24.0,MHz
2026-07-04 18:48:40+00:00,20,mem.active.average,50331648.0,KB
2026-07-04 18:48:40+00:00,20,mem.consumed.average,67108864.0,KB
2026-07-04 18:48:40+00:00,20,power.energy.summation,329.236,J
2026-07-04 18:48:40+00:00,20,power.power.average,16.461,W
2026-07-04 18:49:00+00:00,20,cpu.costop.summation,0.0,ms
2026-07-04 18:49:00+00:00,20,cpu.ready.summation,27.0,ms
2026-07-04 18:49:00+00:00,20,cpu.usagemhz.average,26.0,MHz
2026-07-04 18:49:00+00:00,20,mem.active.average,50331648.0,KB
2026-07-04 18:49:00+00:00,20,mem.consumed.average,67108864.0,KB
2026-07-04 18:49:00+00:00,20,power.energy.summation,562.295,J
2026-07-04 18:49:00+00:00,20,power.power.average,28.114,W
2026-07-04 18:49:20+00:00,20,cpu.costop.summation,0.0,ms
2026-07-04 18:49:20+00:00,20,cpu.ready.summation,30.0,ms
2026-07-04 18:49:20+00:00,20,cpu.usagemhz.average,24.0,MHz
2026-07-04 18:49:20+00:00,20,mem.active.average,50331648.0,KB
2026-07-04 18:49:20+00:00,20,mem.consumed.average,67108864.0,KB
2026-07-04 18:49:20+00:00,20,power.energy.summation,457.523,J
2026-07-04 18:49:20+00:00,20,power.power.average,22.876,W
2026-07-04 18:49:40+00:00,20,cpu.costop.summation,0.0,ms
2026-07-04 18:49:40+00:00,20,cpu.ready.summation,29.0,ms
2026-07-04 18:49:40+00:00,20,cpu.usagemhz.average,22.0,MHz
2026-07-04 18:49:40+00:00,20,mem.active.average,50331648.0,KB
2026-07-04 18:49:40+00:00,20,mem.consumed.average,67108864.0,KB
2026-07-04 18:49:40+00:00,20,power.energy.summation,546.84,J
2026-07-04 18:49:40+00:00,20,power.power.average,27.342,W
2026-07-04 18:50:00+00:00,20,cpu.costop.summation,0.0,ms
2026-07-04 18:50:00+00:00,20,cpu.ready.summation,33.0,ms
2026-07-04 18:50:00+00:00,20,cpu.usagemhz.average,26.0,MHz
2026-07-04 18:50:00+00:00,20,mem.active.average,50331648.0,KB
2026-07-04 18:50:00+00:00,20,mem.consumed.average,67108864.0,KB
2026-07-04 18:50:00+00:00,20,power.energy.summation,452.854,J
2026-07-04 18:50:00+00:00,20,power.power.average,22.642,W
2026-07-04 18:50:20+00:00,20,cpu.costop.summation,0.0,ms
2026-07-04 18:50:20+00:00,20,cpu.ready.summation,31.0,ms
2026-07-04 18:50:20+00:00,20,cpu.usagemhz.average,29.0,MHz
2026-07-04 18:50:20+00:00,20,mem.active.average,50331648.0,KB
2026-07-04 18:50:20+00:00,20,mem.consumed.average,67108864.0,KB
2026-07-04 18:50:20+00:00,20,power.energy.summation,542.487,J
2026-07-04 18:50:20+00:00,20,power.power.average,27.124,W
2026-07-04 18:50:40+00:00,20,cpu.costop.summation,0.0,ms
2026-07-04 18:50:40+00:00,20,cpu.ready.summation,28.0,ms
2026-07-04 18:50:40+00:00,20,cpu.usagemhz.average,21.0,MHz
2026-07-04 18:50:40+00:00,20,mem.active.average,50331648.0,KB
2026-07-04 18:50:40+00:00,20,mem.consumed.average,67108864.0,KB
2026-07-04 18:50:40+00:00,20,power.energy.summation,214.008,J
2026-07-04 18:50:40+00:00,20,power.power.average,10.7,W
2026-07-04 18:51:00+00:00,20,cpu.costop.summation,0.0,ms
2026-07-04 18:51:00+00:00,20,cpu.ready.summation,29.0,ms
2026-07-04 18:51:00+00:00,20,cpu.usagemhz.average,23.0,MHz
2026-07-04 18:51:00+00:00,20,mem.active.average,50331648.0,KB
2026-07-04 18:51:00+00:00,20,mem.consumed.average,67108864.0,KB
2026-07-04 18:51:00+00:00,20,power.energy.summation,387.082,J
2026-07-04 18:51:00+00:00,20,power.power.average,19.354,W
2026-07-04 18:51:20+00:00,20,cpu.costop.summation,0.0,ms
2026-07-04 18:51:20+00:00,20,cpu.ready.summation,27.0,ms
2026-07-04 18:51:20+00:00,20,cpu.usagemhz.average,18.0,MHz
2026-07-04 18:51:20+00:00,20,mem.active.average,50331648.0,KB
2026-07-04 18:51:20+00:00,20,mem.consumed.average,67108864.0,KB
2026-07-04 18:51:20+00:00,20,power.energy.summation,435.746,J
2026-07-04 18:51:20+00:00,20,power.power.average,21.787,W
2026-07-04 18:51:40+00:00,20,cpu.costop.summation,0.0,ms
2026-07-04 18:51:40+00:00,20,cpu.ready.summation,27.0,ms
2026-07-04 18:51:40+00:00,20,cpu.usagemhz.average,21.0,MHz
2026-07-04 18:51:40+00:00,20,mem.active.average,50331648.0,KB
2026-07-04 18:51:40+00:00,20,mem.consumed.average,67108864.0,KB
2026-07-04 18:51:40+00:00,20,power.energy.summation,297.135,J
2026-07-04 18:51:40+00:00,20,power.power.average,14.856,W
2026-07-04 18:52:00+00:00,20,cpu.costop.summation,0.0,ms
2026-07-04 18:52:00+00:00,20,cpu.ready.summation,28.0,ms
2026-07-04 18:52:00+00:00,20,cpu.usagemhz.average,26.0,MHz
2026-07-04 18:52:00+00:00,20,mem.active.average,50331648.0,KB
2026-07-04 18:52:00+00:00,20,mem.consumed.average,67108864.0,KB
2026-07-04 18:52:00+00:00,20,power.energy.summation,570.434,J
2026-07-04 18:52:00+00:00,20,power.power.average,28.521,W
2026-07-04 18:52:20+00:00,20,cpu.costop.summation,0.0,ms
2026-07-04 18:52:20+00:00,20,cpu.ready.summation,31.0,ms
2026-07-04 18:52:20+00:00,20,cpu.usagemhz.average,27.0,MHz
2026-07-04 18:52:20+00:00,20,mem.active.average,50331648.0,KB
2026-07-04 18:52:20+00:00,20,mem.consumed.average,67108864.0,KB
2026-07-04 18:52:20+00:00,20,power.energy.summation,546.931,J
2026-07-04 18:52:20+00:00,20,power.power.average,27.346,W
2026-07-04 18:52:40+00:00,20,cpu.costop.summation,0.0,ms
2026-07-04 18:52:40+00:00,20,cpu.ready.summation,28.0,ms
2026-07-04 18:52:40+00:00,20,cpu.usagemhz.average,22.0,MHz
2026-07-04 18:52:40+00:00,20,mem.active.average,50331648.0,KB
2026-07-04 18:52:40+00:00,20,mem.consumed.average,67108864.0,KB
2026-07-04 18:52:40+00:00,20,power.energy.summation,540.755,J
2026-07-04 18:52:40+00:00,20,power.power.average,27.037,W
2026-07-04 18:53:00+00:00,20,cpu.costop.summation,0.0,ms
2026-07-04 18:53:00+00:00,20,cpu.ready.summation,29.0,ms
2026-07-04 18:53:00+00:00,20,cpu.usagemhz.average,21.0,MHz
2026-07-04 18:53:00+00:00,20,mem.active.average,50331648.0,KB
2026-07-04 18:53:00+00:00,20,mem.consumed.average,67108864.0,KB
2026-07-04 18:53:00+00:00,20,power.energy.summation,285.661,J
2026-07-04 18:53:00+00:00,20,power.power.average,14.283,W
2026-07-04 18:53:20+00:00,20,cpu.costop.summation,0.0,ms
2026-07-04 18:53:20+00:00,20,cpu.ready.summation,31.0,ms
2026-07-04 18:53:20+00:00,20,cpu.usagemhz.average,23.0,MHz
2026-07-04 18:53:20+00:00,20,mem.active.average,50331648.0,KB
2026-07-04 18:53:20+00:00,20,mem.consumed.average,67108864.0,KB
2026-07-04 18:53:20+00:00,20,power.energy.summation,294.715,J
2026-07-04 18:53:20+00:00,20,power.power.average,14.735,W
2026-07-04 18:53:40+00:00,20,cpu.costop.summation,0.0,ms
2026-07-04 18:53:40+00:00,20,cpu.ready.summation,30.0,ms
2026-07-04 18:53:40+00:00,20,cpu.usagemhz.average,21.0,MHz
2026-07-04 18:53:40+00:00,20,mem.active.average,50331648.0,KB
2026-07-04 18:53:40+00:00,20,mem.consumed.average,67108864.0,KB
2026-07-04 18:53:40+00:00,20,power.energy.summation,507.709,J
2026-07-04 18:53:40+00:00,20,power.power.average,25.385,W
2026-07-04 18:54:00+00:00,20,cpu.costop.summation,0.0,ms
2026-07-04 18:54:00+00:00,20,cpu.ready.summation,30.0,ms
2026-07-04 18:54:00+00:00,20,cpu.usagemhz.average,25.0,MHz
2026-07-04 18:54:00+00:00,20,mem.active.average,50331648.0,KB
2026-07-04 18:54:00+00:00,20,mem.consumed.average,67108864.0,KB
2026-07-04 18:54:00+00:00,20,power.energy.summation,562.357,J
2026-07-04 18:54:00+00:00,20,power.power.average,28.117,W
2026-07-04 18:54:20+00:00,20,cpu.costop.summation,0.0,ms
2026-07-04 18:54:20+00:00,20,cpu.ready.summation,30.0,ms
2026-07-04 18:54:20+00:00,20,cpu.usagemhz.average,29.0,MHz
2026-07-04 18:54:20+00:00,20,mem.active.average,50331648.0,KB
2026-07-04 18:54:20+00:00,20,mem.consumed.average,67108864.0,KB
2026-07-04 18:54:20+00:00,20,power.energy.summation,595.502,J
2026-07-04 18:54:20+00:00,20,power.power.average,29.775,W
2026-07-04 18:54:40+00:00,20,cpu.costop.summation,0.0,ms
2026-07-04 18:54:40+00:00,20,cpu.ready.summation,28.0,ms
2026-07-04 18:54:40+00:00,20,cpu.usagemhz.average,19.0,MHz
2026-07-04 18:54:40+00:00,20,mem.active.average,50331648.0,KB
2026-07-04 18:54:40+00:00,20,mem.consumed.average,67108864.0,KB
2026-07-04 18:54:40+00:00,20,power.energy.summation,354.575,J
2026-07-04 18:54:40+00:00,20,power.power.average,17.728,W
2026-07-04 18:55:00+00:00,20,cpu.costop.summation,0.0,ms
2026-07-04 18:55:00+00:00,20,cpu.ready.summation,31.0,ms
2026-07-04 18:55:00+00:00,20,cpu.usagemhz.average,20.0,MHz
2026-07-04 18:55:00+00:00,20,mem.active.average,50331648.0,KB
2026-07-04 18:55:00+00:00,20,mem.consumed.average,67108864.0,KB
2026-07-04 18:55:00+00:00,20,power.energy.summation,378.792,J
2026-07-04 18:55:00+00:00,20,power.power.average,18.939,W
2026-07-04 18:55:20+00:00,20,cpu.costop.summation,0.0,ms
2026-07-04 18:55:20+00:00,20,cpu.ready.summation,30.0,ms
2026-07-04 18:55:20+00:00,20,cpu.usagemhz.average,25.0,MHz
2026-07-04 18:55:20+00:00,20,mem.active.average,50331648.0,KB
2026-07-04 18:55:20+00:00,20,mem.consumed.average,67108864.0,KB
2026-07-04 18:55:20+00:00,20,power.energy.summation,429.327,J
2026-07-04 18:55:20+00:00,20,power.power.average,21.466,W
2026-07-04 18:55:40+00:00,20,cpu.costop.summation,0.0,ms
2026-07-04 18:55:40+00:00,20,cpu.ready.summation,28.0,ms
2026-07-04 18:55:40+00:00,20,cpu.usagemhz.average,17.0,MHz
2026-07-04 18:55:40+00:00,20,mem.active.average,50331648.0,KB
2026-07-04 18:55:40+00:00,20,mem.consumed.average,67108864.0,KB
2026-07-04 18:55:40+00:00,20,power.energy.summation,473.403,J
2026-07-04 18:55:40+00:00,20,power.power.average,23.67,W
2026-07-04 18:56:00+00:00,20,cpu.costop.summation,0.0,ms
2026-07-04 18:56:00+00:00,20,cpu.ready.summation,30.0,ms
2026-07-04 18:56:00+00:00,20,cpu.usagemhz.average,29.0,MHz
2026-07-04 18:56:00+00:00,20,mem.active.average,50331648.0,KB
2026-07-04 18:56:00+00:00,20,mem.consumed.average,67108864.0,KB
2026-07-04 18:56:00+00:00,20,power.energy.summation,585.642,J
2026-07-04 18:56:00+00:00,20,power.power.average,29.282,W
2026-07-04 18:56:20+00:00,20,cpu.costop.summation,0.0,ms
2026-07-04 18:56:20+00:00,20,cpu.ready.summation,30.0,ms
2026-07-04 18:56:20+00:00,20,cpu.usagemhz.average,28.0,MHz
2026-07-04 18:56:20+00:00,20,mem.active.average,50331648.0,KB
2026-07-04 18:56:20+00:00,20,mem.consumed.average,67108864.0,KB
2026-07-04 18:56:20+00:00,20,power.energy.summation,352.788,J
2026-07-04 18:56:20+00:00,20,power.power.average,17.639,W
2026-07-04 18:56:40+00:00,20,cpu.costop.summation,0.0,ms
2026-07-04 18:56:40+00:00,20,cpu.ready.summation,29.0,ms
2026-07-04 18:56:40+00:00,20,cpu.usagemhz.average,22.0,MHz
2026-07-04 18:56:40+00:00,20,mem.active.average,50331648.0,KB
2026-07-04 18:56:40+00:00,20,mem.consumed.average,67108864.0,KB
2026-07-04 18:56:40+00:00,20,power.energy.summation,486.029,J
2026-07-04 18:56:40+00:00,20,power.power.average,24.301,W
2026-07-04 18:57:00+00:00,20,cpu.costop.summation,0.0,ms
2026-07-04 18:57:00+00:00,20,cpu.ready.summation,29.0,ms
2026-07-04 18:57:00+00:00,20,cpu.usagemhz.average,27.0,MHz
2026-07-04 18:57:00+00:00,20,mem.active.average,50331648.0,KB
2026-07-04 18:57:00+00:00,20,mem.consumed.average,67108864.0,KB
2026-07-04 18:57:00+00:00,20,power.energy.summation,594.468,J
2026-07-04 18:57:00+00:00,20,power.power.average,29.723,W
2026-07-04 18:57:20+00:00,20,cpu.costop.summation,0.0,ms
2026-07-04 18:57:20+00:00,20,cpu.ready.summation,28.0,ms
2026-07-04 18:57:20+00:00,20,cpu.usagemhz.average,22.0,MHz
2026-07-04 18:57:20+00:00,20,mem.active.average,50331648.0,KB
2026-07-04 18:57:20+00:00,20,mem.consumed.average,67108864.0,KB
2026-07-04 18:57:20+00:00,20,power.energy.summation,365.099,J
2026-07-04 18:57:20+00:00,20,power.power.average,18.254,W
2026-07-04 18:57:40+00:00,20,cpu.costop.summation,0.0,ms
2026-07-04 18:57:40+00:00,20,cpu.ready.summation,29.0,ms
2026-07-04 18:57:40+00:00,20,cpu.usagemhz.average,28.0,MHz
2026-07-04 18:57:40+00:00,20,mem.active.average,50331648.0,KB
2026-07-04 18:57:40+00:00,20,mem.consumed.average,67108864.0,KB
2026-07-04 18:57:40+00:00,20,power.energy.summation,628.305,J
2026-07-04 18:57:40+00:00,20,power.power.average,31.415,W
2026-07-04 18:58:00+00:00,20,cpu.costop.summation,0.0,ms
2026-07-04 18:58:00+00:00,20,cpu.ready.summation,32.0,ms
2026-07-04 18:58:00+00:00,20,cpu.usagemhz.average,30.0,MHz
2026-07-04 18:58:00+00:00,20,mem.active.average,50331648.0,KB
2026-07-04 18:58:00+00:00,20,mem.consumed.average,67108864.0,KB
2026-07-04 18:58:00+00:00,20,power.energy.summation,296.492,J
2026-07-04 18:58:00+00:00,20,power.power.average,14.824,W
2026-07-04 18:58:20+00:00,20,cpu.costop.summation,0.0,ms
2026-07-04 18:58:20+00:00,20,cpu.ready.summation,34.0,ms
2026-07-04 18:58:20+00:00,20,cpu.usagemhz.average,25.0,MHz
2026-07-04 18:58:20+00:00,20,mem.active.average,50331648.0,KB
2026-07-04 18:58:20+00:00,20,mem.consumed.average,67108864.0,KB
2026-07-04 18:58:20+00:00,20,power.energy.summation,422.026,J
2026-07-04 18:58:20+00:00,20,power.power.average,21.101,W
2026-07-04 18:58:40+00:00,20,cpu.costop.summation,0.0,ms
2026-07-04 18:58:40+00:00,20,cpu.ready.summation,31.0,ms
2026-07-04 18:58:40+00:00,20,cpu.usagemhz.average,21.0,MHz
2026-07-04 18:58:40+00:00,20,mem.active.average,50331648.0,KB
2026-07-04 18:58:40+00:00,20,mem.consumed.average,67108864.0,KB
2026-07-04 18:58:40+00:00,20,power.energy.summation,511.711,J
2026-07-04 18:58:40+00:00,20,power.power.average,25.585,W
2026-07-04 18:59:00+00:00,20,cpu.costop.summation,0.0,ms
2026-07-04 18:59:00+00:00,20,cpu.ready.summation,32.0,ms
2026-07-04 18:59:00+00:00,20,cpu.usagemhz.average,23.0,MHz
2026-07-04 18:59:00+00:00,20,mem.active.average,50331648.0,KB
2026-07-04 18:59:00+00:00,20,mem.consumed.average,67108864.0,KB
2026-07-04 18:59:00+00:00,20,power.energy.summation,522.257,J
2026-07-04 18:59:00+00:00,20,power.power.average,26.112,W
2026-07-04 18:59:20+00:00,20,cpu.costop.summation,0.0,ms
2026-07-04 18:59:20+00:00,20,cpu.ready.summation,33.0,ms
2026-07-04 18:59:20+00:00,20,cpu.usagemhz.average,19.0,MHz
2026-07-04 18:59:20+00:00,20,mem.active.average,50331648.0,KB
2026-07-04 18:59:20+00:00,20,mem.consumed.average,67108864.0,KB
2026-07-04 18:59:20+00:00,20,power.energy.summation,469.18,J
2026-07-04 18:59:20+00:00,20,power.power.average,23.459,W
2026-07-04 18:59:40+00:00,20,cpu.costop.summation,0.0,ms
2026-07-04 18:59:40+00:00,20,cpu.ready.summation,32.0,ms
2026-07-04 18:59:40+00:00,20,cpu.usagemhz.average,22.0,MHz
2026-07-04 18:59:40+00:00,20,mem.active.average,50331648.0,KB
2026-07-04 18:59:40+00:00,20,mem.consumed.average,67108864.0,KB
2026-07-04 18:59:40+00:00,20,power.energy.summation,318.067,J
2026-07-04 18:59:40+00:00,20,power.power.average,15.903,W
2026-07-04 19:00:00+00:00,20,cpu.costop.summation,0.0,ms
2026-07-04 19:00:00+00:00,20,cpu.ready.summation,33.0,ms
2026-07-04 19:00:00+00:00,20,cpu.usagemhz.average,27.0,MHz
2026-07-04 19:00:00+00:00,20,mem.active.average,50331648.0,KB
2026-07-04 19:00:00+00:00,20,mem.consumed.average,67108864.0,KB
2026-07-04 19:00:00+00:00,20,power.energy.summation,622.502,J
2026-07-04 19:00:00+00:00,20,power.power.average,31.125,W
