id,1,2,3,4,5,6,7,8,9,10,11,12,13,14,15,16,17,18,19,20,21,22,23,24,25,26,27,28,29,30,31,32,33,34,35,36,37,38,39,40,41,42,43,44,45,46,47,48,49,50,51,52,53,54,55,56,57,58,59,60,61,62,63,64,65,66,67,68,69,70
1,0.0,2.776445777581272,2.0349239180965846,4.303597249480127,7.674068313486761,6.155700062625053,3.1055004673190463,3.250946856309226,5.099352211129979,5.08992578464268,4.36451568777518,3.857823571689473,4.836111440213106,6.289317536207262,4.865803500066497,9.5112188946896,5.621054716960182,6.471090723427775,5.6156770160896645,6.510834141033951,7.874608236172818,6.203159606395021,7.168009456407076,6.4333500135097355,7.089843336327272,6.909184161842206,9.45906962452078,6.778554980806094,10.020112508079553,6.945132416768198,6.971724796240555,7.337909245887637,8.529743524838175,7.573903032195013,7.314675783333969,7.2489353381586525,8.12641077250221,7.577698812252113,10.204171096484336,7.75059502825126,7.981439660759856,7.812452371448283,8.26997132996907,7.960809636147563,9.716044439894578,9.205275947206033,8.305254065243322,8.318345452348435,8.57318826707654,10.179927885375106,9.268259219381152,9.389557722766419,12.300992999478227,9.46938822199886,9.744025542515947,10.35877283066879,10.145714944446098,10.030709134104994,11.138991361876178,10.45937033150872,11.014935830952464,11.158857117173326,11.437100363735434,11.429265800954116,11.605054744498576,12.86498632222555,13.067676201877497,13.17045405637154,22.388978702382214,31.096363805736072
2,2.776445777581272,0.0,1.5503205524487405,5.62347555388584,5.290673148588465,3.653735140963353,0.8081146076104802,1.0975430264814363,6.087919232448354,2.3264448025864186,4.922881115111687,1.9779798726776205,4.439514475783223,3.528622684211177,2.9963373564970923,6.806832480889015,3.322600278030693,3.7907949878446803,5.103643628716187,6.429382387691804,5.10529222766228,5.461483800549522,7.204903681237844,4.6749113092587455,4.658825257846668,4.6382159701874714,9.93453963349697,5.641851928688093,7.245133859348796,4.879095877345382,6.0616259700998665,6.69451047010438,5.838118709607019,5.245124276180508,5.3244192860372745,5.6491562949980505,7.697621955206493,5.479138361717294,7.432662537598396,6.62250838780769,5.8110712318963085,5.911165725980367,5.910509622286087,6.248153007368388,7.037380483737589,6.64874762199386,6.754672714424561,6.8306780160618645,6.772641616765972,9.97721562261272,7.8136082894861705,8.13265776770902,9.543246720204872,7.819613053173611,7.583000237963485,7.897989843391666,7.852717174145965,8.166990555215346,10.430286885771292,8.882337344799199,10.116560347195287,10.115481414636612,9.207562545164231,9.695695432858253,10.189967288259282,10.599897534698277,10.877101411727155,12.026947824467332,19.635180890865627,28.41359722357048
3,2.0349239180965846,1.5503205524487405,0.0,4.074624280826643,6.82868849253614,5.1796027393987565,1.3504008587855758,1.3747833677744523,4.570320041040501,3.675513982464633,3.4567207549176455,1.8332085029920067,3.281711018758439,4.60956925305298,2.831133459066841,8.179701269271066,3.6184581463218595,4.643552598166669,4.02825369266342,5.201405706983683,6.195941622201229,4.517082104004774,5.9477568416693485,4.4207089224467255,5.101573880916005,4.887364484139984,8.5687444407477,4.937803620600661,8.431166003424801,4.910241174787884,5.226855151603038,5.726105521356998,6.679685911445629,5.557113484448377,5.282898135897681,5.275035346279075,6.6415726466559555,5.542786310929355,8.510859219737517,5.930004318602477,5.947361550320535,5.790330533318403,6.255016450856441,5.969410750293804,7.840292533951969,7.247243812073244,6.354194643819071,6.38454196273313,6.569492813920984,8.849222659097396,7.352672732907837,7.540574858848313,10.536582843078872,7.502236178220494,7.709110636555201,8.358484351500124,8.116011459489087,8.02285768442442,9.541137473335025,8.51671389508747,9.326289641193425,9.407944432359175,9.402614017368228,9.452004050879598,9.717412780782476,10.831131921851808,11.032937540389627,11.390312249368273,20.874596014449747,29.180222857884335
4,4.303597249480127,5.62347555388584,4.074624280826643,0.0,10.869828248097003,9.20855656879699,5.245391449865183,5.1191446596184695,0.945513261461286,7.555042227057885,1.4333898903580957,4.909324587953034,3.0278629130802663,8.127515971147787,5.218803325900148,11.93231885511594,6.325426095131979,7.86829797258325,3.4656882659016355,3.318358431374263,9.591451568704745,4.117156152338287,3.6460797914651613,5.877328858780421,7.6391134693396765,7.148027466157409,5.308824573000361,5.07931250612172,11.861903172145018,6.768203508415888,4.85117014180746,4.703492408139075,9.644025119749807,7.775416566117654,6.890482330367521,6.150068846422496,5.010005618616732,7.294070470082223,11.751234515624308,5.739135471774084,7.750466826488299,7.093567706258949,8.401559990668838,6.864578160513269,10.634792016112836,9.726739296310457,6.8474310942178995,6.751270178249335,7.497863137635458,6.541989379244833,7.458063111995429,7.239512461670785,13.530812391601092,7.957528711853875,9.178475830662352,10.45014280136262,9.826169893366087,8.820967555292233,7.995997097341556,8.674051390062342,8.129359742737389,8.459010370679538,10.817351848501742,9.801892157130847,9.418527753781785,12.19953081157913,12.209366850748369,10.444152283547602,24.194648962732803,31.30277070491351
5,7.674068313486761,5.290673148588465,6.82868849253614,10.869828248097003,0.0,1.664633240114978,5.634312359945236,5.793695881455024,11.2328371401417,3.46608765424682,9.99093199090348,6.266242710938656,9.067093536721034,3.8104778169176656,6.642148842855923,2.77772764358236,5.932445210707396,4.5775149545184535,9.509334684105623,10.971304894312812,3.811745622658692,9.584344794319506,11.751284171652543,7.68715346236969,6.01986768709155,6.526566552237977,14.614039330154455,9.276436274469253,4.2673604236086815,7.1820677158511765,9.877284946962451,10.690190774918833,5.169861463894554,6.657620073376198,7.6170413375947605,8.59629142755517,11.773832671482342,7.4512584548636775,4.967369587707328,10.04517764903688,7.4626266502190575,8.190774669167823,6.927973892278732,8.811497725844507,5.976716039016841,6.526688313653147,9.48492924905019,9.653135680061283,9.011372490367068,14.058985470806487,10.482756435419883,11.077030759616859,6.9423913535234,10.119538999834248,8.697056605745756,7.843809233541933,8.46977834358079,9.92798972482697,13.876333837253437,11.124984124378813,13.332343902158398,13.11499498444405,9.732643626028345,11.473148164602447,12.54729526095286,10.759021232650603,11.245254897408882,14.663264387571715,15.286823371136046,25.622113374284073
6,6.155700062625053,3.653735140963353,5.1796027393987565,9.20855656879699,1.664633240114978,0.0,3.9700360953241884,4.129790911298155,9.56861587644859,1.8565780740057467,8.328815943130628,4.626495128461495,7.437984374452038,2.581771191934806,5.0780803762556515,3.534257539539486,4.481850066617444,3.3705371369061643,7.910350928339918,9.3657576599346,3.2301515129067235,8.025810188874052,10.149574679003086,6.266436322170418,4.850958418166567,5.272267979413012,13.00368973808945,7.791445665418594,4.562386043905774,5.878500404914278,8.372188850511968,9.165881073256054,4.5470165211276505,5.529815220965608,6.3389729505661245,7.221089760860402,10.247003587849433,6.237390089083943,5.075011277080676,8.61391763473081,6.327120996886716,6.942065121251414,5.925852271689976,7.523479917759541,5.581560286978314,5.8423490559449185,8.181388692960352,8.33431287534011,7.8035246186738885,12.548221005417894,9.217674776205547,9.763193182504192,7.22378050157693,8.930853547827299,7.76417417642064,7.220259812758747,7.669271175580873,8.86682394847437,12.491749447312719,9.974228542693393,11.991932329313158,11.820125650002955,9.008389269489099,10.447310281506674,11.3954562871941,10.176915593935272,10.6115881437467,13.471982199544765,16.433045650447834,26.19162567109936
7,3.1055004673190463,0.8081146076104802,1.3504008587855758,5.245391449865183,5.634312359945236,3.9700360953241884,0.0,0.2897616097776915,5.606644661438135,2.3485900175032595,4.386029345053362,1.1699585873369769,3.7301526442412336,3.2734015643876098,2.199598644737945,6.839228997685016,2.632622534614068,3.3735110101537464,4.359420553423506,5.723644026540402,4.864673106629923,4.684833129441891,6.506080444875321,3.8830957692257764,4.043835693836822,3.953770517447864,9.279656764937405,4.8370443502900065,7.087305334909231,4.137842132136192,5.266333218342208,5.915883112669436,5.429845723599462,4.587524669659741,4.570937814107019,4.8495975193878,6.932805373937957,4.7504726784867835,7.1880990858543665,5.815858412870143,5.1037196666632125,5.145974613402506,5.269643098916957,5.460377562221898,6.61214203501173,6.11667931095813,5.95558085016344,6.028284492002608,5.997305866336244,9.223846948947283,7.01157665679476,7.325023486990059,9.241903307109617,7.031287652988767,6.882285564751457,7.311926595706126,7.194546193846694,7.406045179976998,9.633162752363804,8.090301860411248,9.311823584217764,9.307734540568623,8.532500888528883,8.921142615689769,9.389409821733588,9.939629788844675,10.194422478219895,11.219268369630207,19.528122090431268,27.990881867315668
8,3.250946856309226,1.0975430264814363,1.3747833677744523,5.1191446596184695,5.793695881455024,4.129790911298155,0.2897616097776915,0.0,5.439259167443839,2.438280664987212,4.201626212274732,0.881298153673446,3.477646063606655,3.2427075782535497,1.9203682066732133,6.889951323238775,2.4139491748414876,3.2751716700235627,4.091640641391879,5.469155958773943,4.8246798594699,4.404434534888774,6.253424659443938,3.6052433636879777,3.8529609393659703,3.7307296556300145,9.041178311498372,4.547552732019164,7.068593876118122,3.8864575138622603,4.979385965276006,5.63433400068448,5.320811247513377,4.374986259783607,4.312732764289822,4.5668063561603764,6.655767891097874,4.504172925057295,7.136641808863759,5.5261074638476755,4.866920018964774,4.881311620761008,5.0627821824002,5.183966647412682,6.492132542843155,5.954423325871062,5.672844592575392,5.743585325145188,5.727040579919429,8.950197268737199,6.727000694754674,7.036544050809978,9.164380068772216,6.754130429770173,6.646151543293134,7.124610605224332,6.976734772316169,7.142099113073749,9.345407634173581,7.81105510409564,9.022294613391542,9.018062303138258,8.306124308816768,8.650322737089324,9.105518399159388,9.71856219523379,9.963758424833454,10.930707290790394,19.5139069728866,27.85766428055198
9,5.099352211129979,6.087919232448354,4.570320041040501,0.945513261461286,11.2328371401417,9.56861587644859,5.606644661438135,5.439259167443839,0.0,7.835918747766334,1.2810831465769514,5.081176613917351,2.740775785871567,8.249421981846165,5.197333713028169,12.08978541329285,6.292356980050577,7.904498731645229,2.980172055360834,2.515789693728074,9.638580843710338,3.571582356021333,2.746514889492136,5.582614896589397,7.498584369994274,6.961570730564807,4.404083022705654,4.557328318728236,11.886914345882232,6.507260349143278,4.236070937467022,3.9664796472376076,9.556738971824672,7.551601135534144,6.566422614076934,5.708174793505548,4.15402879990168,6.982647616688605,11.711970263270366,5.101607659992875,7.431352702129683,6.6926198941423065,8.13812416734472,6.387908776925012,10.479840157672932,9.507685928612592,6.289615985240447,6.172678660315828,7.00076382432885,5.601267960420832,6.8034218050390765,6.520468242895262,13.393051153771525,7.351777817423038,8.740159674554794,10.12098597181476,9.424002552850826,8.2562095555227,7.096337571866187,7.996022354413878,7.264119804517898,7.619022924118644,10.332354884130432,9.134398469654176,8.65348987063988,11.683738337620587,11.655505431878488,9.583621219058985,24.107277034955512,30.851753788860975
10,5.08992578464268,2.3264448025864186,3.675513982464633,7.555042227057885,3.46608765424682,1.8565780740057467,2.3485900175032595,2.438280664987212,7.835918747766334,0.0,6.574388806068503,2.8059580238304753,5.601005890302921,1.452640976020537,3.2247124148550226,4.508983389990889,2.7165256766958956,2.054237783264792,6.056249166881159,7.514084795940461,2.8912898210885105,6.1710586137525505,8.296756119284598,4.497009586918681,3.413683955430011,3.7027188024501227,11.154576715871059,5.965979517808605,4.937497733839924,4.230732106234959,6.534862963789768,7.319519736456648,3.8682627395816924,4.101245757326892,4.705965423809391,5.479275014561694,8.398823267591398,4.67700649900998,5.182220067638744,6.8185692000460545,4.852227390676198,5.325250702751667,4.62857930742512,5.856875876641878,5.055111221587512,4.941408824261084,6.4915111773043215,6.629202154830408,6.210608847782267,10.703756445152571,7.550835437879127,8.049874623696246,7.331542873445732,7.3383834797649685,6.466616832165555,6.300631245288651,6.52465535323526,7.4028401340099474,10.713683970694118,8.404343715163435,10.246207923728589,10.109741761954973,7.903024033798709,8.992730719801365,9.809962813994844,9.19541222045203,9.563741689817443,11.837700214087667,17.30879400372378,26.30233955086269
11,4.36451568777518,4.922881115111687,3.4567207549176455,1.4333898903580957,9.99093199090348,8.328815943130628,4.386029345053362,4.201626212274732,1.2810831465769514,6.574388806068503,0.0,3.8049686410662025,1.596841782289467,6.968473595735341,3.9308869606658154,10.808730883538303,5.031680509949743,6.631284011984276,2.0624116030520123,2.2730777671503017,8.364988170264292,2.7312058888298165,2.8364102930953488,4.455145664988692,6.280283521493118,5.765590604834844,5.16571554737275,3.671755220176532,10.618589797794607,5.356813908311728,3.4969838541566816,3.4745618576322275,8.318998106473735,6.378648680683494,5.464126878418178,4.71922948985683,3.9879378887849324,5.8706448585106905,10.459784832076203,4.389866876930269,6.326034455457128,5.660193189549483,6.992021993002814,5.437824038333695,9.272536077235557,8.334488241837,5.444770149711233,5.358401686710301,6.074197128784538,5.858065406980589,6.107731880997361,5.948437766165754,12.179767063425126,6.573467814149124,7.74561297962577,9.025896664507274,8.393114762014154,7.415335452783469,7.042011297365332,7.335539060507802,7.068884675585345,7.336780058840569,9.388390718219085,8.450819350299625,8.166000193833149,10.775341581981658,10.79524579020292,9.352583817711421,22.876144059188768,29.869420203392114
12,3.857823571689473,1.9779798726776205,1.8332085029920067,4.909324587953034,6.266242710938656,4.626495128461495,1.1699585873369769,0.881298153673446,5.081176613917351,2.8059580238304753,3.8049686410662025,0.0,2.8159608232948377,3.2199746413862607,1.0677962558298648,7.029536057905306,1.7961395996613598,3.037500527029243,3.3480591828131585,4.774506491751386,4.720949167361648,3.5944394346742734,5.561739948955461,2.746725306492273,3.2847756145180274,3.054338207036076,8.394784950846496,3.677714733448647,6.996087167722669,3.1110127463503487,4.129682297620622,4.814260728308814,4.991400696089281,3.7240380029470392,3.5118050568411308,3.694166602872081,5.855784280832973,3.740275685676054,6.963147555834233,4.651063649250186,4.1309734932756275,4.057865542129237,4.422103986446959,4.326486359368781,6.112694006233305,5.447455203548703,4.799766327114808,4.866623371937454,4.885406427931444,8.161825212271706,5.85008080325662,6.155256059180858,8.895527183333735,5.893346593329834,5.9027022802566185,6.529455631249077,6.287976749207697,6.315819146822562,8.48754589277637,6.9448460109548265,8.150714770242159,8.139530177945328,7.586694768368954,7.804227419054942,8.229518712830934,9.011471671243822,9.2280939173159,10.049441814089697,19.408643806312146,27.389413578339724
13,4.836111440213106,4.439514475783223,3.281711018758439,3.0278629130802663,9.067093536721034,7.437984374452038,3.7301526442412336,3.477646063606655,2.740775785871567,5.601005890302921,1.596841782289467,2.8159608232948377,0.0,5.730899795696378,2.58760796089627,9.565763586536617,3.6358284410335187,5.288267920004194,0.7795799244712814,1.9937517353755094,7.012625363220085,1.4022478926031523,2.776162362360323,2.8634934629808817,4.765703568974083,4.221321197151338,5.581745500804343,2.2000747998248813,9.226901610942736,3.775817485972359,2.2014827168874986,2.5033119310378495,6.836812802267922,4.812890197662669,3.8684499959154706,3.148422715451515,3.362891180250099,4.276809274825566,9.009361816415566,3.0582164909422365,4.7313218573522065,4.06943701894914,5.410352527067322,3.8803573742157496,7.740447881659934,6.769705520352709,3.955643523198795,3.895008174119149,4.524139038461872,5.576554350744906,4.729114246750854,4.693218555167139,10.654532416033518,5.116865820125621,6.1606367067210535,7.43080148431227,6.799343281137137,5.905417623963697,6.316742193954545,5.9636150192273005,6.179633272840602,6.341164546968809,7.817203103795724,7.044791450794106,6.937729203703345,9.215738630413913,9.258276391206167,8.36187977616357,21.375088577461813,28.278927494241216
14,6.289317536207262,3.528622684211177,4.60956925305298,8.127515971147787,3.8104778169176656,2.581771191934806,3.2734015643876098,3.2427075782535497,8.249421981846165,1.452640976020537,6.968473595735341,3.2199746413862607,5.730899795696378,0.0,3.1484245028309474,3.8453743196869437,2.2223767694770347,0.7911275845639574,6.016205233791532,7.472127542363032,1.5928505371199786,5.968666494015772,8.225841322636798,3.9065840337799616,2.2716526313524223,2.7279557774794383,11.089347594218827,5.539516483225774,3.826815259720144,3.372817684255056,6.159905443541122,6.993266444473276,2.4183702536249565,2.948126601100126,3.8139757686627735,4.790343128892925,8.072026246296383,3.6762824824729345,3.9216567595890126,6.257378693104645,3.746773778763879,4.400000012399648,3.364532534456437,5.008051631741023,3.6110880573607793,3.50932465305435,5.678704414249018,5.8444259436526504,5.244313547687156,10.323796450432623,6.689633210919929,7.27022258351362,6.014932890498992,6.366944258700544,5.212141028790262,4.880898558851881,5.183843862647249,6.285310259901691,10.067328754638723,7.401432942915432,9.522799703487092,9.314363895918804,6.55109247747384,7.867093088595269,8.82433453681502,7.803402103999812,8.19473197076072,10.914125417008135,16.271987022185996,24.919152812396792
15,4.865803500066497,2.9963373564970923,2.831133459066841,5.218803325900148,6.642148842855923,5.0780803762556515,2.199598644737945,1.9203682066732133,5.197333713028169,3.2247124148550226,3.9308869606658154,1.0677962558298648,2.58760796089627,3.1484245028309474,0.0,6.978277631101475,1.106821195747454,2.713941642597321,2.8916857357717194,4.35657914506399,4.446549364754232,2.948167631963611,5.126522126949613,1.6850409873260936,2.4968680093955924,2.136193003669037,7.995517664204735,2.8053077480024196,6.689599407408939,2.079759999797837,3.3355092175387795,4.100300512667285,4.4296455658747105,2.814528798738007,2.45786233164873,2.6530678414092104,5.17667494603699,2.712468645784299,6.537149609904114,3.733790847217533,3.124126895000543,2.9923294216272294,3.5083292215079953,3.2644130290709708,5.462156026136322,4.663557579368734,3.7583650820437384,3.837052708395736,3.817845137258435,7.484802791826042,4.819098894823102,5.165423702205584,8.33127104678207,4.833966052340081,4.878651572834611,5.6357726973148985,5.306913886873726,5.2487369643293835,7.622225282677582,5.890964832586714,7.23284424560543,7.182153413906739,6.575325831233656,6.737763024769034,7.19395388585308,8.006014842101552,8.201873175950302,9.055580004313395,18.9758528949231,26.566789061895403
16,9.5112188946896,6.806832480889015,8.179701269271066,11.93231885511594,2.77772764358236,3.534257539539486,6.839228997685016,6.889951323238775,12.08978541329285,4.508983389990889,10.808730883538303,7.029536057905306,9.565763586536617,3.8453743196869437,6.978277631101475,0.0,5.974955139136277,4.315910593825822,9.805274715680044,11.24196772043958,2.7098498694179103,9.685160981445108,11.973676285066913,7.443201622190817,5.367633819656489,5.986752412139223,14.813397412533371,9.117112075044421,1.6864334392862015,6.679151241801351,9.754965853920018,10.601054908561686,3.682368467575586,5.82515799004312,7.008069941157854,8.151427721251391,11.652408624413322,6.7108954244032315,2.4905048830796814,9.672015708475252,6.551943782276744,7.461160507384159,5.811652219980297,8.127393399414542,3.9951645288600894,4.907038068624196,8.794808900642494,8.991370053644873,8.1268202726707,13.808411353742937,9.644771540537363,10.330998837622866,4.227726506713906,9.12611369275334,7.289017873706749,5.999740189862152,6.852739247561362,8.682282220603222,13.223449709879544,10.002536123631343,12.574301772518162,12.247455123656248,7.922981868222667,10.089844069091884,11.373926105751544,8.709887862380315,9.24847330774463,13.514965521261827,12.921573752401093,22.860057245024915
17,5.621054716960182,3.322600278030693,3.6184581463218595,6.325426095131979,5.932445210707396,4.481850066617444,2.632622534614068,2.4139491748414876,6.292356980050577,2.7165256766958956,5.031680509949743,1.7961395996613598,3.6358284410335187,2.2223767694770347,1.106821195747454,5.974955139136277,0.0,1.6633666016587065,3.830329792248471,5.272255518469216,3.3774623750610067,3.748011533914789,6.015905303950779,1.7867002352223957,1.488926042740257,1.3215514921729368,8.874100238458098,3.3452672318954075,5.599132838551668,1.613043876925098,3.953979420880719,4.780066693398781,3.327732399480322,1.9616761158942402,2.0854959385637746,2.7627499824668713,5.8617217605121335,2.1750487374256786,5.431200285071672,4.133002797767824,2.4888980989658367,2.703037040023742,2.652783180342071,3.1732186054053657,4.384844545633782,3.6571391304996324,3.788181859355249,3.9187527642296542,3.5931354126731523,8.131538830486885,4.855430139949696,5.335208679447214,7.235283971005818,4.702255778392115,4.260960515623801,4.740949538099318,4.563555142804834,4.910402377345209,8.012450361102665,5.777012086203809,7.531417372975274,7.394494992982442,5.900323594829914,6.4764717172458335,7.158647709763464,7.307396059862636,7.5642739000739985,9.14768738524656,17.869243042880036,25.5976578765874
18,6.471090723427775,3.7907949878446803,4.643552598166669,7.86829797258325,4.5775149545184535,3.3705371369061643,3.3735110101537464,3.2751716700235627,7.904498731645229,2.054237783264792,6.631284011984276,3.037500527029243,5.288267920004194,0.7911275845639574,2.713941642597321,4.315910593825822,1.6633666016587065,0.0,5.491305115415141,6.926147675707655,1.7340950566702336,5.377557835003573,7.660827690148541,3.2117898381420873,1.4808877700208818,1.9492123296535802,10.508771659549916,4.872067728664786,3.9944169962711435,2.609854465165962,5.5024881145942866,6.344192841025153,2.0588290169410546,2.1602318490212786,3.039556087390731,4.052171282053151,7.414479773089231,2.888124321868389,3.9256490941313804,5.540834765444882,2.956668674121369,3.6173462951658295,2.6068214486553787,4.233984521880791,3.2510413005610364,2.930007329132379,4.907842701237012,5.077861537699406,4.4556817818436585,9.638813972826629,5.908852278799556,6.499974299077349,5.895398533864694,5.576998934251801,4.455675938677931,4.265184582952683,4.474331591801672,5.499174867481103,9.315568592530276,6.610337574130701,8.757499987675004,8.538187330381108,5.851097948329688,7.083193120686944,8.033304140722695,7.142536837437237,7.5098417701163935,10.12469526888689,16.373792881125723,24.63478789258111
19,5.6156770160896645,5.103643628716187,4.02825369266342,3.4656882659016355,9.509334684105623,7.910350928339918,4.359420553423506,4.091640641391879,2.980172055360834,6.056249166881159,2.0624116030520123,3.3480591828131585,0.7795799244712814,6.016205233791532,2.8916857357717194,9.805274715680044,3.830329792248471,5.491305115415141,0.0,1.4654713593244815,7.180304168430865,0.6796757602555379,2.241955394114449,2.6934825757172383,4.764086079255926,4.173400893098614,5.107801188016939,1.6136948076941446,9.335212979507627,3.632395083826823,1.475522017346237,1.7244780958150991,6.855362935630212,4.698563779427964,3.628542877842113,2.7281336170110904,2.6182957227232135,4.049880683770757,9.05194622549724,2.359383284119283,4.488571574260494,3.7153849367808953,5.234140952898156,3.4170117037768435,7.6688452980530295,6.633392494131626,3.3842868515446582,3.2959918181154273,4.04116801920392,4.874452351555099,4.064927391493837,3.9697696229120996,10.57884329681722,4.51185308309471,5.761606462242506,7.16015116226267,6.444228115719998,5.356763350708309,5.541093814291881,5.2981373528578946,5.400480789330465,5.5682336808023765,7.369823337060831,6.4022252703555,6.211522578031916,8.740183802825099,8.743707329505975,7.5907833855512825,21.315167501493743,27.881082606606064
20,6.510834141033951,6.429382387691804,5.201405706983683,3.318358431374263,10.971304894312812,9.3657576599346,5.723644026540402,5.469155958773943,2.515789693728074,7.514084795940461,2.2730777671503017,4.774506491751386,1.9937517353755094,7.472127542363032,4.35657914506399,11.24196772043958,5.272255518469216,6.926147675707655,1.4654713593244815,0.0,8.593764305136403,1.614885132788923,0.7872863918969886,3.9646382258352895,6.099863613946325,5.487200319205187,3.64332340672018,2.4831358803271093,10.70888994882174,4.88457999986739,1.9695050536003622,1.4838841375056826,8.181902420958357,5.946666068267722,4.78649865082082,3.7149586376324746,1.7225593895402969,5.20492346937739,10.382414887956106,2.733043959943279,5.610468168772237,4.727296617532848,6.409868621536754,4.274496201326294,8.913574595905473,7.826349223902364,4.0194217434647745,3.8688548659252695,4.820240485295737,3.6798965889480932,4.37072920733254,4.02631126560621,11.79946576010288,4.976819985357204,6.621534783381472,8.18504376125077,7.358733112847468,5.928144932570045,4.77086227804816,5.528020334800481,4.831440693370608,5.1424682487668445,8.102225475568112,6.670464155629029,6.137874423525401,9.391204520589149,9.308980983241412,7.137146637789574,22.522520786433788,28.592579664491375
21,7.874608236172818,5.10529222766228,6.195941622201229,9.591451568704745,3.811745622658692,3.2301515129067235,4.864673106629923,4.8246798594699,9.638580843710338,2.8912898210885105,8.364988170264292,4.720949167361648,7.012625363220085,1.5928505371199786,4.446549364754232,2.7098498694179103,3.3774623750610067,1.7340950566702336,7.180304168430865,8.593764305136403,0.0,7.014844888753284,9.309228714581439,4.741610380844395,2.6595648602336004,3.277000611041314,12.131764397219753,6.4140656511790635,2.275394420851343,3.969822400956561,7.052563181674199,7.8985986025526955,1.3662298255865297,3.150326111857075,4.307762940627777,5.443323565958484,8.945401307341957,4.028194899642739,2.3303595509795727,6.963697241392171,3.9114834223739967,4.784224707661495,3.2418575967650525,5.4472134146724995,2.3541319578323554,2.71860751523845,6.1208253710066405,6.313105507313683,5.498067194847301,11.099669204067185,7.014774120915838,7.6799601863391675,4.448024367515023,6.546524824883378,4.922373801157105,4.060125449327576,4.659201083164362,6.222005957978734,10.563438570896537,7.487319717820353,9.93771118842811,9.642423307510294,5.926693255515451,7.725875171649265,8.89303923351703,7.005559532670264,7.469370495172805,11.031600070678234,14.703649865986982,23.41284582527465
22,6.203159606395021,5.461483800549522,4.517082104004774,4.117156152338287,9.584344794319506,8.025810188874052,4.684833129441891,4.404434534888774,3.571582356021333,6.1710586137525505,2.7312058888298165,3.5944394346742734,1.4022478926031523,5.968666494015772,2.948167631963611,9.685160981445108,3.748011533914789,5.377557835003573,0.6796757602555379,1.614885132788923,7.014844888753284,0.0,2.295065692100373,2.350043785447279,4.48933632037227,3.874026652695841,5.13125079567285,0.9865757783526643,9.104127516471648,3.2706449521013585,0.8024216593597623,1.2333162922479703,6.568264666553497,4.3344169273398725,3.1905151169783132,2.1802946455303656,2.2620859221123903,3.611697827865832,8.768534627491329,1.6802769732876137,4.030320403506969,3.1907565510009244,4.814154997602116,2.824530269585243,7.304463139074494,6.228254625426817,2.7333395763164074,2.634155847810221,3.429847376374775,4.571554850984916,3.3858140837396484,3.29873402499732,10.197298912150925,3.844094917490612,5.185960112802788,6.656901775402177,5.891090174100364,4.706945693877377,5.025885278418277,4.618664767396107,4.825074880811749,4.9562315797897245,6.761093380961721,5.724593584978922,5.54256356555226,8.114927957292263,8.101513530958593,6.97188125557152,20.9270269836868,27.281620990573916
23,7.168009456407076,7.204903681237844,5.9477568416693485,3.6460797914651613,11.751284171652543,10.149574679003086,6.506080444875321,6.253424659443938,2.746514889492136,8.296756119284598,2.8364102930953488,5.561739948955461,2.776162362360323,8.225841322636798,5.126522126949613,11.973676285066913,6.015905303950779,7.660827690148541,2.241955394114449,0.7872863918969886,9.309228714581439,2.295065692100373,0.0,4.625965931711589,6.773358479105064,6.152563451797783,2.869140042697213,3.048571369814434,11.392611232671648,5.524220047823312,2.4600143480892185,1.7586737433827397,8.840916645335463,6.573578801514497,5.382250919726213,4.260155150408679,1.4669862983816384,5.793005540416878,11.037990098074227,3.0760276429657396,6.17677620531272,5.255805426056858,6.99484495390015,4.7439993460115915,9.521336716412554,8.410160407552757,4.396292619698155,4.223609779366919,5.236946600592631,3.021989229625604,4.572090548442069,4.115378812747373,12.383746071034025,5.235461567503226,7.042354634156105,8.675334162412291,7.798455651435869,6.215140283013481,4.351800536688282,5.649359076388667,4.531093431150227,4.915784199052225,8.438700474088028,6.785048996226975,6.080870842870468,9.672165648254717,9.544962675717947,6.850962873524245,23.08374845455681,28.852864761268656
24,6.4333500135097355,4.6749113092587455,4.4207089224467255,5.877328858780421,7.68715346236969,6.266436322170418,3.8830957692257764,3.6052433636879777,5.582614896589397,4.497009586918681,4.455145664988692,2.746725306492273,2.8634934629808817,3.9065840337799616,1.6850409873260936,7.443201622190817,1.7867002352223957,3.2117898381420873,2.6934825757172383,3.9646382258352895,4.741610380844395,2.350043785447279,4.625965931711589,0.0,2.1484543794492104,1.5266968846481328,7.405011295559165,1.6740771385911963,6.768925526976098,0.9389125211968529,2.3117727228194713,3.1578800268062714,4.218897189915239,2.0057732724480872,1.021626061075648,1.0052884991469624,4.21426514483471,1.416884148993486,6.418794079627071,2.3581833336404987,1.8738866229885391,1.3914055909992649,2.5564868517313095,1.579904317584111,4.97849804277897,3.943153305419564,2.093575962755525,2.1930731935750383,2.151973808736919,6.427290505662442,3.1645773296183677,3.5797007651658985,7.886062218579073,3.148930242451066,3.4440404810800573,4.572914071499286,4.006155779649512,3.602221789824506,6.2260227849972924,4.207701116050247,5.74977207219311,5.631890825735831,5.148416444627682,5.06045589375436,5.526614075822339,6.5789917600238415,6.710748380658604,7.439018272688607,18.622405096690436,25.47410613795361
25,7.089843336327272,4.658825257846668,5.101573880916005,7.6391134693396765,6.01986768709155,4.850958418166567,4.043835693836822,3.8529609393659703,7.498584369994274,3.413683955430011,6.280283521493118,3.2847756145180274,4.765703568974083,2.2716526313524223,2.4968680093955924,5.367633819656489,1.488926042740257,1.4808877700208818,4.764086079255926,6.099863613946325,2.6595648602336004,4.48933632037227,6.773358479105064,2.1484543794492104,0.0,0.6286339708997882,9.547604686163977,3.796246287618564,4.620482546239428,1.3129944475992217,4.433842601728914,5.2765436163581105,2.091282924808591,0.6901980619157052,1.6589104211164312,2.7839082552112826,6.306175146051368,1.4347516672611371,4.289468363716064,4.304436514543408,1.476358591326068,2.1854714683127057,1.2654419835223438,2.830930598974035,2.9957355524269276,2.1746475568423294,3.509615242267864,3.6927722782908847,2.991700494973276,8.440777596543713,4.471116199393502,5.0938896634432576,5.8994934361631,4.10537168975553,3.062700287632828,3.271706216153346,3.213847358246564,4.025205933816025,7.951242854908093,5.131562045700143,7.3583795470169795,7.108889358464468,4.586906651088171,5.612627497393607,6.5550561625396,5.9538268708231,6.2614712500407865,8.65345327064043,16.609767673759354,24.110374859250125
26,6.909184161842206,4.6382159701874714,4.887364484139984,7.148027466157409,6.526566552237977,5.272267979413012,3.953770517447864,3.7307296556300145,6.961570730564807,3.7027188024501227,5.765590604834844,3.054338207036076,4.221321197151338,2.7279557774794383,2.136193003669037,5.986752412139223,1.3215514921729368,1.9492123296535802,4.173400893098614,5.487200319205187,3.277000611041314,3.874026652695841,6.152563451797783,1.5266968846481328,0.6286339708997882,0.0,8.920164485204735,3.1677801770474767,5.245090341275201,0.6946432306391678,3.805258969926561,4.647915324773185,2.694802181326553,0.6786381804126428,1.0915454916663418,2.170648687632384,5.678907439497473,0.9758420426298559,4.8954427283494955,3.6891439500571184,1.1932975545866118,1.6730496531499135,1.3753351290332725,2.2852695801680287,3.5197739059860504,2.5828616775634736,2.960537657298901,3.1340530082826317,2.5328212232975447,7.82363547508231,3.96169313719861,4.552352974376046,6.434657240435491,3.6619573391748457,2.946740660092037,3.5005045462993625,3.247159059486964,3.7094443475726124,7.384009345125178,4.716120687852277,6.812428698734069,6.58902759763952,4.578828916505319,5.296805270407553,6.1319437531591525,5.987887198516024,6.243044291696318,8.199714690774934,17.162896787001408,24.433708870662205
27,9.45906962452078,9.93453963349697,8.5687444407477,5.308824573000361,14.614039330154455,13.00368973808945,9.279656764937405,9.041178311498372,4.404083022705654,11.154576715871059,5.16571554737275,8.394784950846496,5.581745500804343,11.089347594218827,7.995517664204735,14.813397412533371,8.874100238458098,10.508771659549916,5.107801188016939,3.64332340672018,12.131764397219753,5.13125079567285,2.869140042697213,7.405011295559165,9.547604686163977,8.920164485204735,0.0,5.756018005136573,14.162274600937966,8.262173201400506,5.123228956421399,4.294816196715682,11.579546180991857,9.278633179871996,8.056928854845214,6.889434665072477,3.3769891399222414,8.447272620974625,13.759865219013896,5.48221141740918,8.78665462630792,7.8242785763243905,9.62299980559517,7.2310389311693655,12.163108894180196,11.017120429753318,6.738277958038016,6.537980109144956,7.603552071855873,2.448192202508591,6.544310987911744,5.890204769095312,14.957185013399735,7.27480182918357,9.344504526522487,11.087431490374172,10.119663463202555,8.254060401575048,4.50138582309052,7.325696375747282,5.099737764880983,5.6669198414447415,10.5014453033176,8.353695468686883,7.216465988579153,11.556343594288872,11.312576799903702,7.123155276046015,25.56142749963435,30.46479763672412
28,6.778554980806094,5.641851928688093,4.937803620600661,5.07931250612172,9.276436274469253,7.791445665418594,4.8370443502900065,4.547552732019164,4.557328318728236,5.965979517808605,3.671755220176532,3.677714733448647,2.2000747998248813,5.539516483225774,2.8053077480024196,9.117112075044421,3.3452672318954075,4.872067728664786,1.6136948076941446,2.4831358803271093,6.4140656511790635,0.9865757783526643,3.048571369814434,1.6740771385911963,3.796246287618564,3.1677801770474767,5.756018005136573,0.0,8.406400080935494,2.5063708630225126,0.6387581679586941,1.4845534693236124,5.826218034133748,3.5360752301506637,2.3341592933061857,1.231929186522207,2.543086143430491,2.744547165885965,8.014007973092102,0.9948067836460289,3.135032259367854,2.245264042402889,3.9473271286042655,1.8403017556634544,6.473134085069319,5.363527951786404,1.7734662774614367,1.6979266415217864,2.443514938834518,4.787345954056146,2.5445686270341845,2.61269087394976,9.338093734664156,2.9198029491839885,4.20346592916454,5.708580608568015,4.91613538282108,3.74386319774137,4.822713090490213,3.774806074163602,4.474808550803794,4.492765770413916,5.775029275162787,4.845595731227841,4.830698209182957,7.133268626202249,7.130270094472013,6.455481653759787,20.049458112417184,26.29517684444689
29,10.020112508079553,7.245133859348796,8.431166003424801,11.861903172145018,4.2673604236086815,4.562386043905774,7.087305334909231,7.068593876118122,11.886914345882232,4.937497733839924,10.618589797794607,6.996087167722669,9.226901610942736,3.826815259720144,6.689599407408939,1.6864334392862015,5.599132838551668,3.9944169962711435,9.335212979507627,10.70888994882174,2.275394420851343,9.104127516471648,11.392611232671648,6.768925526976098,4.620482546239428,5.245090341275201,14.162274600937966,8.406400080935494,0.0,5.901134517812057,9.040897733132912,9.87788829813732,2.605978290637047,4.914050476675189,6.142420163422832,7.3179035375669255,10.881915702721487,5.786011051549878,0.8149983103792224,8.817002630196608,5.535082783747187,6.4968178991457,4.723497199916567,7.156396445983149,2.510171967990961,3.5771483965415127,7.79278463199772,7.997936325042627,7.042252485049981,12.922748016704206,8.53390441752348,9.250766359597677,2.6978101728626287,7.947594403319336,5.9522849802579625,4.487425459229556,5.423911866795309,7.38559972214623,12.134709622481791,8.735775420163856,11.442231294068852,11.065630916981524,6.38170743827474,8.696870207485162,10.057650132438294,7.077349436311743,7.627298729156082,12.183068064772074,12.445348159162368,21.63007927368582
30,6.945132416768198,4.879095877345382,4.910241174787884,6.768203508415888,7.1820677158511765,5.878500404914278,4.137842132136192,3.8864575138622603,6.507260349143278,4.230732106234959,5.356813908311728,3.1110127463503487,3.775817485972359,3.372817684255056,2.079759999797837,6.679151241801351,1.613043876925098,2.609854465165962,3.632395083826823,4.88457999986739,3.969822400956561,3.2706449521013585,5.524220047823312,0.9389125211968529,1.3129944475992217,0.6946432306391678,8.262173201400506,2.5063708630225126,5.901134517812057,0.0,3.139801352543234,3.9776404114211887,3.3214963493660474,1.0679346681176547,0.47777369423993166,1.4760068796885384,4.997078751711805,0.6327165740050392,5.514679183129509,2.9948040558317057,1.0595619569022035,1.0995711488819053,1.6353133755939673,1.645009532238245,4.041673705618893,3.0067215697950047,2.3082835426824326,2.471625971957238,1.9905492686818322,7.129975607423789,3.3398979428679407,3.898328480553884,6.947527546460757,3.1121571059599162,2.798947348780758,3.7067084580674696,3.2522965808102002,3.3024108087922253,6.7068119961641495,4.183354099040691,6.150289613291103,5.9477094134222,4.496876224291492,4.863701754120677,5.5811711112615745,5.928835801856565,6.122975663163197,7.612599986810436,17.683799937942272,24.648916321304807
31,6.971724796240555,6.0616259700998665,5.226855151603038,4.85117014180746,9.877284946962451,8.372188850511968,5.266333218342208,4.979385965276006,4.236070937467022,6.534862963789768,3.4969838541566816,4.129682297620622,2.2014827168874986,6.159905443541122,3.3355092175387795,9.754965853920018,3.953979420880719,5.5024881145942866,1.475522017346237,1.9695050536003622,7.052563181674199,0.8024216593597623,2.4600143480892185,2.3117727228194713,4.433842601728914,3.805258969926561,5.123228956421399,0.6387581679586941,9.040897733132912,3.139801352543234,0.0,0.8461214133605232,6.4564633650623335,4.159309789812732,2.9458537296930762,1.8025518967202334,1.913085397090707,3.348300076834007,8.640136973992021,0.8928830262526897,3.720541059341057,2.796133841022668,4.54435966963873,2.3082756020327238,7.07904893260387,5.956864133874166,2.0728974328443783,1.941550465512564,2.852728186572983,4.181951227796693,2.611823339565753,2.4964144815406675,9.927988009686352,3.1178291151201365,4.6521704342935655,6.231395673287457,5.390028575942021,4.0244174996492035,4.3690691712487,3.838599992704362,4.101112865801488,4.193565632587751,6.153430796838392,4.956154834705846,4.740142180251101,7.470441213649817,7.4230535015108385,6.199102149028085,20.62373438296702,26.665407186952283
32,7.337909245887637,6.69451047010438,5.726105521356998,4.703492408139075,10.690190774918833,9.165881073256054,5.915883112669436,5.63433400068448,3.9664796472376076,7.319519736456648,3.4745618576322275,4.814260728308814,2.5033119310378495,6.993266444473276,4.100300512667285,10.601054908561686,4.780066693398781,6.344192841025153,1.7244780958150991,1.4838841375056826,7.8985986025526955,1.2333162922479703,1.7586737433827397,3.1578800268062714,5.2765436163581105,4.647915324773185,4.294816196715682,1.4845534693236124,9.87788829813732,3.9776404114211887,0.8461214133605232,0.0,7.288024764297739,4.984264093647637,3.7622229647783616,2.597878042015349,1.083652679522046,4.1550669725428175,9.465220951205888,1.3174678829038287,4.506989312527008,3.5579549523950824,5.339377947179102,3.0089061412867526,7.87926784921814,6.743855311992155,2.6376282915755045,2.465841985735202,3.4810499285952785,3.38469544145348,2.8903789457082194,2.554074336302015,10.70501249199893,3.514925809499095,5.285102149209779,6.9355900594044595,6.043599419798003,4.4818688152683706,3.8203415826121443,4.045150489665362,3.6858256956470594,3.889506517626345,6.6895970886689975,5.187351722450089,4.715859956011972,7.945835944936955,7.844367457341121,5.91409433086905,21.374502790657857,27.142296757980592
33,8.529743524838175,5.838118709607019,6.679685911445629,9.644025119749807,5.169861463894554,4.5470165211276505,5.429845723599462,5.320811247513377,9.556738971824672,3.8682627395816924,8.318998106473735,4.991400696089281,6.836812802267922,2.4183702536249565,4.4296455658747105,3.682368467575586,3.327732399480322,2.0588290169410546,6.855362935630212,8.181902420958357,1.3662298255865297,6.568264666553497,8.840916645335463,4.218897189915239,2.091282924808591,2.694802181326553,11.579546180991857,5.826218034133748,2.605978290637047,3.3214963493660474,6.4564633650623335,7.288024764297739,0.0,2.3107013566180834,3.539708064058286,4.715752907411153,8.28134166936868,3.180032761541673,2.2006633240095237,6.211280876715327,2.9403610307136714,3.89484097487104,2.1516290732348486,4.557134857581489,1.2022704642164537,1.3571631953729582,5.202234545345485,5.405653713379371,4.480773778819482,10.318816709642268,5.990993824353763,6.693425112871551,3.912877631048883,5.449422032267177,3.646804376273259,2.695706458322706,3.3177063931310244,5.01017044688894,9.586401313436042,6.321614374452336,8.91700953148761,8.57399860718209,4.563282861683444,6.460600890499843,7.700767682235077,5.646252309417556,6.104585904774435,9.843158300003411,14.557540767189042,22.578326873092152
34,7.573903032195013,5.245124276180508,5.557113484448377,7.775416566117654,6.657620073376198,5.529815220965608,4.587524669659741,4.374986259783607,7.551601135534144,4.101245757326892,6.378648680683494,3.7240380029470392,4.812890197662669,2.948126601100126,2.814528798738007,5.82515799004312,1.9616761158942402,2.1602318490212786,4.698563779427964,5.946666068267722,3.150326111857075,4.3344169273398725,6.573578801514497,2.0057732724480872,0.6901980619157052,0.6786381804126428,9.278633179871996,3.5360752301506637,4.914050476675189,1.0679346681176547,4.159309789812732,4.984264093647637,2.3107013566180834,0.0,1.2290073713022522,2.405060716392846,5.970751318412003,0.8873025841074368,4.481373771064757,3.904959206704753,0.8057902033069255,1.6365999107086207,0.6985887272281608,2.3023336138138832,2.9737911956770624,1.9570155138721368,2.972342978827575,3.1670222980687392,2.371173990185879,8.026054179219082,3.8771996338827286,4.531071295598377,5.880380788488516,3.4638199692549834,2.3912428072097796,2.821870340080704,2.60926649891888,3.3393175400500916,7.413151577361818,4.471338065958255,6.791711234945071,6.513636009900583,3.9640975848322206,4.925079089790042,5.895035716330851,5.356502692620024,5.636382048773004,8.005688955386804,16.61674326670744,23.757931438216872
35,7.314675783333969,5.3244192860372745,5.282898135897681,6.890482330367521,7.6170413375947605,6.3389729505661245,4.570937814107019,4.312732764289822,6.566422614076934,4.705965423809391,5.464126878418178,3.5118050568411308,3.8684499959154706,3.8139757686627735,2.45786233164873,7.008069941157854,2.0854959385637746,3.039556087390731,3.628542877842113,4.78649865082082,4.307762940627777,3.1905151169783132,5.382250919726213,1.021626061075648,1.6589104211164312,1.0915454916663418,8.056928854845214,2.3341592933061857,6.142420163422832,0.47777369423993166,2.9458537296930762,3.7622229647783616,3.539708064058286,1.2290073713022522,0.0,1.1760622204831748,4.741825360160522,0.42235857322464937,5.70441114184649,2.681535448933915,0.8650450903951135,0.6217980613225199,1.6240840861167365,1.1945346941029227,4.139093866670633,3.039941059845253,1.8689944905799967,2.0436063992450144,1.5128639986682664,6.811792676420409,2.880026891341631,3.46088400305573,7.01323183148174,2.634789414527219,2.4583625021001976,3.5625042439860577,2.9888986375263973,2.84430187919741,6.2979694969035664,3.7056230364038494,5.721035747260454,5.5004143324459145,4.1664516068648,4.395581418808957,5.104628739271905,5.600328175599122,5.763084179361985,7.142448321511171,17.73787216627887,24.452485603897863
36,7.2489353381586525,5.6491562949980505,5.275035346279075,6.150068846422496,8.59629142755517,7.221089760860402,4.8495975193878,4.5668063561603764,5.708174793505548,5.479275014561694,4.71922948985683,3.694166602872081,3.148422715451515,4.790343128892925,2.6530678414092104,8.151427721251391,2.7627499824668713,4.052171282053151,2.7281336170110904,3.7149586376324746,5.443323565958484,2.1802946455303656,4.260155150408679,1.0052884991469624,2.7839082552112826,2.170648687632384,6.889434665072477,1.231929186522207,7.3179035375669255,1.4760068796885384,1.8025518967202334,2.597878042015349,4.715752907411153,2.405060716392846,1.1760622204831748,0.0,3.5658069065990388,1.5578432569142298,6.877202206465193,1.5206047855479834,1.918008892114499,1.0143427380109136,2.744342425806418,0.7467095212121372,5.282640651945506,4.154817401242017,1.1060403378534045,1.1901666550381576,1.3942941123485284,5.6571194872978205,2.1679756832034665,2.5781218268679216,8.125442305205109,2.2272710564953426,3.0353670420182786,4.480691682433835,3.7187181761570387,2.8328285956003345,5.281866973240452,3.257168310328555,4.772636175013202,4.63443195447241,4.670420434416976,4.180948300367951,4.540889637186129,6.0676847945796,6.12337925130897,6.434187879740756,18.82569141027835,25.16045368694608
37,8.12641077250221,7.697621955206493,6.6415726466559555,5.010005618616732,11.773832671482342,10.247003587849433,6.932805373937957,6.655767891097874,4.15402879990168,8.398823267591398,3.9879378887849324,5.855784280832973,3.362891180250099,8.072026246296383,5.17667494603699,11.652408624413322,5.8617217605121335,7.414479773089231,2.6182957227232135,1.7225593895402969,8.945401307341957,2.2620859221123903,1.4669862983816384,4.21426514483471,6.306175146051368,5.678907439497473,3.3769891399222414,2.543086143430491,10.881915702721487,4.997078751711805,1.913085397090707,1.083652679522046,8.28134166936868,5.970751318412003,4.741825360160522,3.5658069065990388,0.0,5.11537191827501,10.439062070569154,2.110214311418425,5.432463605820729,4.463466607389614,6.270752214061744,3.857580354721486,8.806686556346238,7.653119018516728,3.3650808611367014,3.167182367710766,4.23098024083415,2.3117174960018647,3.293835537589136,2.744301270314185,11.582463678477781,4.002360273294171,5.991524291279493,7.7169924394373215,6.764824900947735,4.993279101019416,3.0559365537338774,4.275006602099285,3.119573982179859,3.4668044857416653,7.245981526703259,5.394811735617054,4.619559291342369,8.404526392572217,8.233336548467292,5.434764770807093,22.19003666708747,27.529133298310562
38,7.577698812252113,5.479138361717294,5.542786310929355,7.294070470082223,7.4512584548636775,6.237390089083943,4.7504726784867835,4.504172925057295,6.982647616688605,4.67700649900998,5.8706448585106905,3.740275685676054,4.276809274825566,3.6762824824729345,2.712468645784299,6.7108954244032315,2.1750487374256786,2.888124321868389,4.049880683770757,5.20492346937739,4.028194899642739,3.611697827865832,5.793005540416878,1.416884148993486,1.4347516672611371,0.9758420426298559,8.447272620974625,2.744547165885965,5.786011051549878,0.6327165740050392,3.348300076834007,4.1550669725428175,3.180032761541673,0.8873025841074368,0.42235857322464937,1.5578432569142298,5.11537191827501,0.0,5.323692148448629,3.0321617854467156,0.4578080951070221,0.7578675075360248,1.205055869068382,1.4190488701128041,3.7309308302851156,2.6218851721777328,2.093534398554856,2.284912129463123,1.568109454299548,7.143298580194124,3.0363807085194785,3.6666894330956894,6.596336382460145,2.693516192688947,2.1663275378234315,3.1560799037762974,2.634195820649657,2.751263944475361,6.538587028044825,3.7421247774781645,5.9308986749895505,5.674359826424865,3.864669403628179,4.333056621053431,5.1600825783739035,5.297083497235602,5.49079704164414,7.238362570556837,17.318182738794526,24.0693068386287
39,10.204171096484336,7.432662537598396,8.510859219737517,11.751234515624308,4.967369587707328,5.075011277080676,7.1880990858543665,7.136641808863759,11.711970263270366,5.182220067638744,10.459784832076203,6.963147555834233,9.009361816415566,3.9216567595890126,6.537149609904114,2.4905048830796814,5.431200285071672,3.9256490941313804,9.05194622549724,10.382414887956106,2.3303595509795727,8.768534627491329,11.037990098074227,6.418794079627071,4.289468363716064,4.8954427283494955,13.759865219013896,8.014007973092102,0.8149983103792224,5.514679183129509,8.640136973992021,9.465220951205888,2.2006633240095237,4.481373771064757,5.70441114184649,6.877202206465193,10.439062070569154,5.323692148448629,0.0,8.348593251882138,5.028329089309554,6.000654693079748,4.196323232781226,6.647504937983302,1.8042668512008821,2.9388487110692725,7.260959656430253,7.468387952106882,6.476639504537069,12.414785297912893,7.941870581821528,8.6688036415328,2.174227312932552,7.326739288889274,5.269093437737046,3.7277217239007245,4.698699934409538,6.711102032434334,11.535312209608453,8.06791423398825,10.825377493586883,10.42732471721713,5.600246355270133,7.971648282240355,9.36202939936378,6.265466670505038,6.817669031440193,11.4754004737127,12.453852745536054,21.186433343435766
40,7.75059502825126,6.62250838780769,5.930004318602477,5.739135471774084,10.04517764903688,8.61391763473081,5.815858412870143,5.5261074638476755,5.101607659992875,6.8185692000460545,4.389866876930269,4.651063649250186,3.0582164909422365,6.257378693104645,3.733790847217533,9.672015708475252,4.133002797767824,5.540834765444882,2.359383284119283,2.733043959943279,6.963697241392171,1.6802769732876137,3.0760276429657396,2.3581833336404987,4.304436514543408,3.6891439500571184,5.48221141740918,0.9948067836460289,8.817002630196608,2.9948040558317057,0.8928830262526897,1.3174678829038287,6.211280876715327,3.904959206704753,2.681535448933915,1.5206047855479834,2.110214311418425,3.0321617854467156,8.348593251882138,0.0,3.3285192894760347,2.356790154668397,4.166743885474517,1.7488287002650666,6.698937899578052,5.5433569303429575,1.3207755229201827,1.1492308568556504,2.171465145115715,4.136530516769518,1.7199207762067972,1.6456895282126034,9.474982900764262,2.2560433006788743,3.971204415035726,5.644852339674708,4.733292681180047,3.195505628192514,3.9012741242988764,2.945744643517684,3.5034405615671886,3.5002093148070386,5.380298589509749,4.064508568254136,3.8857524607071317,6.65816439784909,6.582967237924997,5.4613249028477595,20.10581787070794,25.859536330544937
41,7.981439660759856,5.8110712318963085,5.947361550320535,7.750466826488299,7.4626266502190575,6.327120996886716,5.1037196666632125,4.866920018964774,7.431352702129683,4.852227390676198,6.326034455457128,4.1309734932756275,4.7313218573522065,3.746773778763879,3.124126895000543,6.551943782276744,2.4888980989658367,2.956668674121369,4.488571574260494,5.610468168772237,3.9114834223739967,4.030320403506969,6.17677620531272,1.8738866229885391,1.476358591326068,1.1932975545866118,8.78665462630792,3.135032259367854,5.535082783747187,1.0595619569022035,3.720541059341057,4.506989312527008,2.9403610307136714,0.8057902033069255,0.8650450903951135,1.918008892114499,5.432463605820729,0.4578080951070221,5.028329089309554,3.3285192894760347,0.0,0.9731584444969654,0.8383853250896297,1.6226373225554875,3.3765603244499993,2.2376574371497093,2.2619821615643994,2.46531860918551,1.586725164404384,7.392705544344642,3.103610485546867,3.7793000562111154,6.207544656713802,2.6620484458693805,1.77923340177082,2.699914315601915,2.1927983282399843,2.55514286426902,6.671559474032883,3.6655778740000184,6.0295360323580445,5.732351355691305,3.456149715882335,4.144963804923735,5.0893111785554,4.88379504576189,5.100469912812895,7.200679150681897,16.914608740793664,23.61252209022132
42,7.812452371448283,5.911165725980367,5.790330533318403,7.093567706258949,8.190774669167823,6.942065121251414,5.145974613402506,4.881311620761008,6.6926198941423065,5.325250702751667,5.660193189549483,4.057865542129237,4.06943701894914,4.400000012399648,2.9923294216272294,7.461160507384159,2.703037040023742,3.6173462951658295,3.7153849367808953,4.727296617532848,4.784224707661495,3.1907565510009244,5.255805426056858,1.3914055909992649,2.1854714683127057,1.6730496531499135,7.8242785763243905,2.245264042402889,6.4968178991457,1.0995711488819053,2.796133841022668,3.5579549523950824,3.89484097487104,1.6365999107086207,0.6217980613225199,1.0143427380109136,4.463466607389614,0.7578675075360248,6.000654693079748,2.356790154668397,0.9731584444969654,0.0,1.8105174790766112,0.6668278031861199,4.343219990787522,3.192850411755409,1.3366021904719485,1.530432770080266,0.8913747056735595,6.426295723397472,2.2920386770549017,2.9099590757491365,7.147106741508664,2.013732748440448,2.098041499496826,3.466989671472935,2.73579910134567,2.260832160087905,5.780968930935311,3.083879443549251,5.174473241439501,4.926324270539405,3.7849403771616603,3.7902796624683455,4.484714651216159,5.20857828363459,5.323528750128562,6.531963478527962,17.828485255768573,24.209796781478964
43,8.26997132996907,5.910509622286087,6.255016450856441,8.401559990668838,6.927973892278732,5.925852271689976,5.269643098916957,5.0627821824002,8.13812416734472,4.62857930742512,6.992021993002814,4.422103986446959,5.410352527067322,3.364532534456437,3.5083292215079953,5.811652219980297,2.652783180342071,2.6068214486553787,5.234140952898156,6.409868621536754,3.2418575967650525,4.814154997602116,6.99484495390015,2.5564868517313095,1.2654419835223438,1.3753351290332725,9.62299980559517,3.9473271286042655,4.723497199916567,1.6353133755939673,4.54435966963873,5.339377947179102,2.1516290732348486,0.6985887272281608,1.6240840861167365,2.744342425806418,6.270752214061744,1.205055869068382,4.196323232781226,4.166743885474517,0.8383853250896297,1.8105174790766112,0.0,2.4512797231998853,2.540436188355746,1.4168991165202105,3.071672978878668,3.277917423131028,2.3292829561904504,8.219272759171753,3.8402592114838923,4.542056552015446,5.391577630623544,3.319055025041059,1.8491983957305345,2.1280114822097507,1.9488868149780292,3.0016182198701156,7.43478650222066,4.245615043499446,6.767966509253202,6.43621811356776,3.3216725081024556,4.549951552388111,5.6543179732125814,4.692051035008311,4.996174255332669,7.790844602152522,16.113796062708005,23.07340152101088
44,7.960809636147563,6.248153007368388,5.969410750293804,6.864578160513269,8.811497725844507,7.523479917759541,5.460377562221898,5.183966647412682,6.387908776925012,5.856875876641878,5.437824038333695,4.326486359368781,3.8803573742157496,5.008051631741023,3.2644130290709708,8.127393399414542,3.1732186054053657,4.233984521880791,3.4170117037768435,4.274496201326294,5.4472134146724995,2.824530269585243,4.7439993460115915,1.579904317584111,2.830930598974035,2.2852695801680287,7.2310389311693655,1.8403017556634544,7.156396445983149,1.645009532238245,2.3082756020327238,3.0089061412867526,4.557134857581489,2.3023336138138832,1.1945346941029227,0.7467095212121372,3.857580354721486,1.4190488701128041,6.647504937983302,1.7488287002650666,1.6226373225554875,0.6668278031861199,2.4512797231998853,0.0,4.964586942153217,3.8026166382007593,0.6787030108245251,0.8659343339130788,0.6480992792003921,5.770182864448429,1.6966418599854096,2.267788754905012,7.726155224167898,1.5714604591612114,2.363562221877374,3.9313394368227765,3.0858934342770716,2.090954506818781,5.122733806830481,2.638126639976459,4.530363351115664,4.306433243371512,3.9542177611643194,3.4869188018647947,3.9913506273792394,5.33837016700464,5.381570073784189,5.981246793814473,18.36852553478369,24.46518635442956
45,9.716044439894578,7.037380483737589,7.840292533951969,10.634792016112836,5.976716039016841,5.581560286978314,6.61214203501173,6.492132542843155,10.479840157672932,5.055111221587512,9.272536077235557,6.112694006233305,7.740447881659934,3.6110880573607793,5.462156026136322,3.9951645288600894,4.384844545633782,3.2510413005610364,7.6688452980530295,8.913574595905473,2.3541319578323554,7.304463139074494,9.521336716412554,4.97849804277897,2.9957355524269276,3.5197739059860504,12.163108894180196,6.473134085069319,2.510171967990961,4.041673705618893,7.07904893260387,7.87926784921814,1.2022704642164537,2.9737911956770624,4.139093866670633,5.282640651945506,8.806686556346238,3.7309308302851156,1.8042668512008821,6.698937899578052,3.3765603244499993,4.343219990787522,2.540436188355746,4.964586942153217,0.0,1.1710286363750781,5.545869515603148,5.754222244225131,4.732816174577218,10.702045112678231,6.1693137591378715,6.901565980641093,2.915114504074216,5.537697297590754,3.464951184122445,2.0051464308000537,2.9137593358738414,4.906840768298854,9.752240812470118,6.263803388582291,9.034051123516896,8.628073562461887,3.928180504348582,6.187180304176118,7.561359938862652,4.801204550477757,5.311535393158486,9.679937224112715,13.648105778694434,21.384117569063893
46,9.205275947206033,6.64874762199386,7.247243812073244,9.726739296310457,6.526688313653147,5.8423490559449185,6.11667931095813,5.954423325871062,9.507685928612592,4.941408824261084,8.334488241837,5.447455203548703,6.769705520352709,3.50932465305435,4.663557579368734,4.907038068624196,3.6571391304996324,2.930007329132379,6.633392494131626,7.826349223902364,2.71860751523845,6.228254625426817,8.410160407552757,3.943153305419564,2.1746475568423294,2.5828616775634736,11.017120429753318,5.363527951786404,3.5771483965415127,3.0067215697950047,5.956864133874166,6.743855311992155,1.3571631953729582,1.9570155138721368,3.039941059845253,4.154817401242017,7.653119018516728,2.6218851721777328,2.9388487110692725,5.5433569303429575,2.2376574371497093,3.192850411755409,1.4168991165202105,3.8026166382007593,1.1710286363750781,0.0,4.376153740548787,4.584510850730309,3.5619891093741263,9.531415332865226,5.00661291062089,5.736626420787105,3.974773087319826,4.388308276422977,2.39038077875994,1.3828470775606228,1.973805070761817,3.8120862026889317,8.596907458119208,5.159185439988869,7.887080875716188,7.4953874970723335,3.208104351646781,5.182824174814394,6.4940981787660785,4.336204636260887,4.77235728586862,8.628461483386674,14.698776233704104,21.94196694740483
47,8.305254065243322,6.754672714424561,6.354194643819071,6.8474310942178995,9.48492924905019,8.181388692960352,5.95558085016344,5.672844592575392,6.289615985240447,6.4915111773043215,5.444770149711233,4.799766327114808,3.955643523198795,5.678704414249018,3.7583650820437384,8.794808900642494,3.788181859355249,4.907842701237012,3.3842868515446582,4.0194217434647745,6.1208253710066405,2.7333395763164074,4.396292619698155,2.093575962755525,3.509615242267864,2.960537657298901,6.738277958038016,1.7734662774614367,7.79278463199772,2.3082835426824326,2.0728974328443783,2.6376282915755045,5.202234545345485,2.972342978827575,1.8689944905799967,1.1060403378534045,3.3650808611367014,2.093534398554856,7.260959656430253,1.3207755229201827,2.2619821615643994,1.3366021904719485,3.071672978878668,0.6787030108245251,5.545869515603148,4.376153740548787,0.0,0.20835846654836068,0.8659180915846285,5.157924108238529,1.073320709445692,1.592134551228744,8.245346165951124,1.1792788483386192,2.652155221321117,4.352084015341124,3.4176262693808326,1.9737972624412328,4.445425833875095,2.1628942651906202,3.8526440327905513,3.6399416436463325,4.083943325597784,3.141901515999452,3.4361118675758635,5.39950616084394,5.369125375906631,5.36241489301713,18.825010851959007,24.592513240663
48,8.318345452348435,6.8306780160618645,6.38454196273313,6.751270178249335,9.653135680061283,8.33431287534011,6.028284492002608,5.743585325145188,6.172678660315828,6.629202154830408,5.358401686710301,4.866623371937454,3.895008174119149,5.8444259436526504,3.837052708395736,8.991370053644873,3.9187527642296542,5.077861537699406,3.2959918181154273,3.8688548659252695,6.313105507313683,2.634155847810221,4.223609779366919,2.1930731935750383,3.6927722782908847,3.1340530082826317,6.537980109144956,1.6979266415217864,7.997936325042627,2.471625971957238,1.941550465512564,2.465841985735202,5.405653713379371,3.1670222980687392,2.0436063992450144,1.1901666550381576,3.167182367710766,2.284912129463123,7.468387952106882,1.1492308568556504,2.46531860918551,1.530432770080266,3.277917423131028,0.8659343339130788,5.754222244225131,4.584510850730309,0.20835846654836068,0.0,1.0659418310379252,4.949773251959796,0.9834686898885054,1.4291578148868342,8.451257351794077,1.2220690866796227,2.8372639489235576,4.550220759960786,3.60606726336628,2.083756697917889,4.258648714380196,2.1413718082523725,3.6796443925071407,3.486632315699317,4.234795410645041,3.164333765678032,3.36323789980959,5.531389435420049,5.483055842071176,5.2467402861673955,19.02403067468372,24.730367818640158
49,8.57318826707654,6.772641616765972,6.569492813920984,7.497863137635458,9.011372490367068,7.8035246186738885,5.997305866336244,5.727040579919429,7.00076382432885,6.210608847782267,6.074197128784538,4.885406427931444,4.524139038461872,5.244313547687156,3.817845137258435,8.1268202726707,3.5931354126731523,4.4556817818436585,4.04116801920392,4.820240485295737,5.498067194847301,3.429847376374775,5.236946600592631,2.151973808736919,2.991700494973276,2.5328212232975447,7.603552071855873,2.443514938834518,7.042252485049981,1.9905492686818322,2.852728186572983,3.4810499285952785,4.480773778819482,2.371173990185879,1.5128639986682664,1.3942941123485284,4.23098024083415,1.568109454299548,6.476639504537069,2.171465145115715,1.586725164404384,0.8913747056735595,2.3292829561904504,0.6480992792003921,4.732816174577218,3.5619891093741263,0.8659180915846285,1.0659418310379252,0.0,5.976261413821294,1.518878251650463,2.212797586320472,7.391838489732685,1.1298403482597301,1.8066401469501607,3.4861860961901003,2.562693410470634,1.4591522638692296,5.105731304327846,2.194439246754876,4.447878790446408,4.146022919639397,3.3316686145986276,2.923887376669123,3.6018913463886513,4.701694663685987,4.735165220422032,5.670328941025902,17.959176472846377,23.85178800991362
50,10.179927885375106,9.97721562261272,8.849222659097396,6.541989379244833,14.058985470806487,12.548221005417894,9.223846948947283,8.950197268737199,5.601267960420832,10.703756445152571,5.858065406980589,8.161825212271706,5.576554350744906,10.323796450432623,7.484802791826042,13.808411353742937,8.131538830486885,9.638813972826629,4.874452351555099,3.6798965889480932,11.099669204067185,4.571554850984916,3.021989229625604,6.427290505662442,8.440777596543713,7.82363547508231,2.448192202508591,4.787345954056146,12.922748016704206,7.129975607423789,4.181951227796693,3.38469544145348,10.318816709642268,8.026054179219082,6.811792676420409,5.6571194872978205,2.3117174960018647,7.143298580194124,12.414785297912893,4.136530516769518,7.392705544344642,6.426295723397472,8.219272759171753,5.770182864448429,10.702045112678231,9.531415332865226,5.157924108238529,4.949773251959796,5.976261413821294,0.0,4.657862722297517,3.9324535356173658,13.340458003636785,5.3790789394424765,7.558249369661545,9.352715157451748,8.322766811867707,6.299564866012264,2.0533642219632955,5.191650903607953,2.6832910041559677,3.266659542664303,8.482387224936074,6.122710417274425,4.862850344174677,9.403722703381053,9.104238419666414,4.684648927042894,23.7419301711892,28.109434104191795
51,9.268259219381152,7.8136082894861705,7.352672732907837,7.458063111995429,10.482756435419883,9.217674776205547,7.01157665679476,6.727000694754674,6.8034218050390765,7.550835437879127,6.107731880997361,5.85008080325662,4.729114246750854,6.689633210919929,4.819098894823102,9.644771540537363,4.855430139949696,5.908852278799556,4.064927391493837,4.37072920733254,7.014774120915838,3.3858140837396484,4.572090548442069,3.1645773296183677,4.471116199393502,3.96169313719861,6.544310987911744,2.5445686270341845,8.53390441752348,3.3398979428679407,2.611823339565753,2.8903789457082194,5.990993824353763,3.8771996338827286,2.880026891341631,2.1679756832034665,3.293835537589136,3.0363807085194785,7.941870581821528,1.7199207762067972,3.103610485546867,2.2920386770549017,3.8402592114838923,1.6966418599854096,6.1693137591378715,5.00661291062089,1.073320709445692,0.9834686898885054,1.518878251650463,4.657862722297517,0.0,0.7383061845816372,8.700875691547969,0.7331273334099188,2.901437271356329,4.698216248678291,3.664956041033741,1.7115185385775504,3.600923729163232,1.2349941760449543,2.9295304924536625,2.638613092856808,3.9648119711985768,2.3445879949526627,2.380163024838875,5.115817496927653,4.972877532903319,4.292317746009961,19.101727933757566,24.280905181487743
52,9.389557722766419,8.13265776770902,7.540574858848313,7.239512461670785,11.077030759616859,9.763193182504192,7.325023486990059,7.036544050809978,6.520468242895262,8.049874623696246,5.948437766165754,6.155256059180858,4.693218555167139,7.27022258351362,5.165423702205584,10.330998837622866,5.335208679447214,6.499974299077349,3.9697696229120996,4.02631126560621,7.6799601863391675,3.29873402499732,4.115378812747373,3.5797007651658985,5.0938896634432576,4.552352974376046,5.890204769095312,2.61269087394976,9.250766359597677,3.898328480553884,2.4964144815406675,2.554074336302015,6.693425112871551,4.531071295598377,3.46088400305573,2.5781218268679216,2.744301270314185,3.6666894330956894,8.6688036415328,1.6456895282126034,3.7793000562111154,2.9099590757491365,4.542056552015446,2.267788754905012,6.901565980641093,5.736626420787105,1.592134551228744,1.4291578148868342,2.212797586320472,3.9324535356173658,0.7383061845816372,0.0,9.437873418316828,1.4468721276396588,3.6341819644131665,5.432070139528999,4.39344028256596,2.3841941546106695,2.894000665639587,1.5356698458005291,2.264583118846203,2.0601645220286615,4.615567587540716,2.6698194132923723,2.2445301074558537,5.6897737434510125,5.494959758659716,3.8943032660297847,19.814462961305168,24.784924967424907
53,12.300992999478227,9.543246720204872,10.536582843078872,13.530812391601092,6.9423913535234,7.22378050157693,9.241903307109617,9.164380068772216,13.393051153771525,7.331542873445732,12.179767063425126,8.895527183333735,10.654532416033518,6.014932890498992,8.33127104678207,4.227726506713906,7.235283971005818,5.895398533864694,10.57884329681722,11.79946576010288,4.448024367515023,10.197298912150925,12.383746071034025,7.886062218579073,5.8994934361631,6.434657240435491,14.957185013399735,9.338093734664156,2.6978101728626287,6.947527546460757,9.927988009686352,10.70501249199893,3.912877631048883,5.880380788488516,7.01323183148174,8.125442305205109,11.582463678477781,6.596336382460145,2.174227312932552,9.474982900764262,6.207544656713802,7.147106741508664,5.391577630623544,7.726155224167898,2.915114504074216,3.974773087319826,8.245346165951124,8.451257351794077,7.391838489732685,13.340458003636785,8.700875691547969,9.437873418316828,0.0,8.004354946549592,5.8118299181266515,4.018729967637699,5.0789626399860826,7.193373488739594,12.169020502256826,8.516334028080724,11.406959018957252,10.931325300878228,5.47556412234516,8.125906772316528,9.630157224634695,5.628754022704195,6.21154141794357,11.625992082986842,10.736362505446431,19.012210075387703
54,9.46938822199886,7.819613053173611,7.502236178220494,7.957528711853875,10.119538999834248,8.930853547827299,7.031287652988767,6.754130429770173,7.351777817423038,7.3383834797649685,6.573467814149124,5.893346593329834,5.116865820125621,6.366944258700544,4.833966052340081,9.12611369275334,4.702255778392115,5.576998934251801,4.51185308309471,4.976819985357204,6.546524824883378,3.844094917490612,5.235461567503226,3.148930242451066,4.10537168975553,3.6619573391748457,7.27480182918357,2.9198029491839885,7.947594403319336,3.1121571059599162,3.1178291151201365,3.514925809499095,5.449422032267177,3.4638199692549834,2.634789414527219,2.2272710564953426,4.002360273294171,2.693516192688947,7.326739288889274,2.2560433006788743,2.6620484458693805,2.013732748440448,3.319055025041059,1.5714604591612114,5.537697297590754,4.388308276422977,1.1792788483386192,1.2220690866796227,1.1298403482597301,5.3790789394424765,0.7331273334099188,1.4468721276396588,8.004354946549592,0.0,2.193640965452129,3.991526457882989,2.9477639913837352,0.9909525125502134,4.216467266568767,1.075098023295986,3.498776818268376,3.1255322065798437,3.244371397354422,1.9646264709226549,2.4723347000786062,4.436773594086072,4.332223032603976,4.548268937697779,18.37218312251402,23.627737866012442
55,9.744025542515947,7.583000237963485,7.709110636555201,9.178475830662352,8.697056605745756,7.76417417642064,6.882285564751457,6.646151543293134,8.740159674554794,6.466616832165555,7.74561297962577,5.9027022802566185,6.1606367067210535,5.212141028790262,4.878651572834611,7.289017873706749,4.260960515623801,4.455675938677931,5.761606462242506,6.621534783381472,4.922373801157105,5.185960112802788,7.042354634156105,3.4440404810800573,3.062700287632828,2.946740660092037,9.344504526522487,4.20346592916454,5.9522849802579625,2.798947348780758,4.6521704342935655,5.285102149209779,3.646804376273259,2.3912428072097796,2.4583625021001976,3.0353670420182786,5.991524291279493,2.1663275378234315,5.269093437737046,3.971204415035726,1.77923340177082,2.098041499496826,1.8491983957305345,2.363562221877374,3.464951184122445,2.39038077875994,2.652155221321117,2.8372639489235576,1.8066401469501607,7.558249369661545,2.901437271356329,3.6341819644131665,5.8118299181266515,2.193640965452129,0.0,1.7981985844704993,0.7753610589017272,1.4436740316048557,6.374929016985431,2.8022052181972725,5.62836460355788,5.189989691664045,1.708150454213148,2.8138479693041476,4.106349181811503,3.1419656760075116,3.32547165276582,6.238332642560385,16.229765809669694,22.12632202551278
56,10.35877283066879,7.897989843391666,8.358484351500124,10.45014280136262,7.843809233541933,7.220259812758747,7.311926595706126,7.124610605224332,10.12098597181476,6.300631245288651,9.025896664507274,6.529455631249077,7.43080148431227,4.880898558851881,5.6357726973148985,5.999740189862152,4.740949538099318,4.265184582952683,7.16015116226267,8.18504376125077,4.060125449327576,6.656901775402177,8.675334162412291,4.572914071499286,3.271706216153346,3.5005045462993625,11.087431490374172,5.708580608568015,4.487425459229556,3.7067084580674696,6.231395673287457,6.9355900594044595,2.695706458322706,2.821870340080704,3.5625042439860577,4.480691682433835,7.7169924394373215,3.1560799037762974,3.7277217239007245,5.644852339674708,2.699914315601915,3.466989671472935,2.1280114822097507,3.9313394368227765,2.0051464308000537,1.3828470775606228,4.352084015341124,4.550220759960786,3.4861860961901003,9.352715157451748,4.698216248678291,5.432070139528999,4.018729967637699,3.991526457882989,1.7981985844704993,0.0,1.0635575068368557,3.180805336862348,8.152729742495639,4.519692638755144,7.395085792852368,6.932390655188085,1.9278228373047164,4.271165457810852,5.714957218266057,2.956734574303369,3.409245641040498,7.792813594815507,14.47402417300583,20.951097688457192
57,10.145714944446098,7.852717174145965,8.116011459489087,9.826169893366087,8.46977834358079,7.669271175580873,7.194546193846694,6.976734772316169,9.424002552850826,6.52465535323526,8.393114762014154,6.287976749207697,6.799343281137137,5.183843862647249,5.306913886873726,6.852739247561362,4.563555142804834,4.474331591801672,6.444228115719998,7.358733112847468,4.659201083164362,5.891090174100364,7.798455651435869,4.006155779649512,3.213847358246564,3.247159059486964,10.119663463202555,4.91613538282108,5.423911866795309,3.2522965808102002,5.390028575942021,6.043599419798003,3.3177063931310244,2.60926649891888,2.9888986375263973,3.7187181761570387,6.764824900947735,2.634195820649657,4.698699934409538,4.733292681180047,2.1927983282399843,2.73579910134567,1.9488868149780292,3.0858934342770716,2.9137593358738414,1.973805070761817,3.4176262693808326,3.60606726336628,2.562693410470634,8.322766811867707,3.664956041033741,4.39344028256596,5.0789626399860826,2.9477639913837352,0.7753610589017272,1.0635575068368557,0.0,2.1172730392117156,7.09048647982191,3.4582532272991955,6.331694480637745,5.869639795428625,1.3803495934827779,3.2742998949993614,4.679372182974979,2.7473870976954795,3.0516655155513064,6.779066974396096,15.455124672036645,21.481904025684155
58,10.030709134104994,8.166990555215346,8.02285768442442,8.820967555292233,9.92798972482697,8.86682394847437,7.406045179976998,7.142099113073749,8.2562095555227,7.4028401340099474,7.415335452783469,6.315819146822562,5.905417623963697,6.285310259901691,5.2487369643293835,8.682282220603222,4.910402377345209,5.499174867481103,5.356763350708309,5.928144932570045,6.222005957978734,4.706945693877377,6.215140283013481,3.602221789824506,4.025205933816025,3.7094443475726124,8.254060401575048,3.74386319774137,7.38559972214623,3.3024108087922253,4.0244174996492035,4.4818688152683706,5.01017044688894,3.3393175400500916,2.84430187919741,2.8328285956003345,4.993279101019416,2.751263944475361,6.711102032434334,3.195505628192514,2.55514286426902,2.260832160087905,3.0016182198701156,2.090954506818781,4.906840768298854,3.8120862026889317,1.9737972624412328,2.083756697917889,1.4591522638692296,6.299564866012264,1.7115185385775504,2.3841941546106695,7.193373488739594,0.9909525125502134,1.4436740316048557,3.180805336862348,2.1172730392117156,0.0,4.976251664389587,1.3585962933943247,4.214602396114652,3.7566318313094103,2.2544565311143026,1.5901814448581106,2.6916857559580536,3.4646447450388886,3.3993326516992064,4.833451101136697,17.442907083494866,22.664972301002074
59,11.138991361876178,10.430286885771292,9.541137473335025,7.995997097341556,13.876333837253437,12.491749447312719,9.633162752363804,9.345407634173581,7.096337571866187,10.713683970694118,7.042011297365332,8.48754589277637,6.316742193954545,10.067328754638723,7.622225282677582,13.223449709879544,8.012450361102665,9.315568592530276,5.541093814291881,4.77086227804816,10.563438570896537,5.025885278418277,4.351800536688282,6.2260227849972924,7.951242854908093,7.384009345125178,4.50138582309052,4.822713090490213,12.134709622481791,6.7068119961641495,4.3690691712487,3.8203415826121443,9.586401313436042,7.413151577361818,6.2979694969035664,5.281866973240452,3.0559365537338774,6.538587028044825,11.535312209608453,3.9012741242988764,6.671559474032883,5.780968930935311,7.43478650222066,5.122733806830481,9.752240812470118,8.596907458119208,4.445425833875095,4.258648714380196,5.105731304327846,2.0533642219632955,3.600923729163232,2.894000665639587,12.169020502256826,4.216467266568767,6.374929016985431,8.152729742495639,7.09048647982191,4.976251664389587,0.0,3.684935970162166,0.7926546944050346,1.367813652766868,6.976267950145801,4.408555178505553,2.9885794111157367,7.712321501011163,7.348849817005676,2.6606830905463186,22.28252434166329,26.13644689711277
60,10.45937033150872,8.882337344799199,8.51671389508747,8.674051390062342,11.124984124378813,9.974228542693393,8.090301860411248,7.81105510409564,7.996022354413878,8.404343715163435,7.335539060507802,6.9448460109548265,5.9636150192273005,7.401432942915432,5.890964832586714,10.002536123631343,5.777012086203809,6.610337574130701,5.2981373528578946,5.528020334800481,7.487319717820353,4.618664767396107,5.649359076388667,4.207701116050247,5.131562045700143,4.716120687852277,7.325696375747282,3.774806074163602,8.735775420163856,4.183354099040691,3.838599992704362,4.045150489665362,6.321614374452336,4.471338065958255,3.7056230364038494,3.257168310328555,4.275006602099285,3.7421247774781645,8.06791423398825,2.945744643517684,3.6655778740000184,3.083879443549251,4.245615043499446,2.638126639976459,6.263803388582291,5.159185439988869,2.1628942651906202,2.1413718082523725,2.194439246754876,5.191650903607953,1.2349941760449543,1.5356698458005291,8.516334028080724,1.075098023295986,2.8022052181972725,4.519692638755144,3.4582532272991955,1.3585962933943247,3.684935970162166,0.0,2.904992028319773,2.415131808347537,3.3150979668169,1.1426077878398389,1.4238493016286793,4.234757746563467,3.993916286334961,3.546762834523861,18.623606455359237,23.25898723350625
61,11.014935830952464,10.116560347195287,9.326289641193425,8.129359742737389,13.332343902158398,11.991932329313158,9.311823584217764,9.022294613391542,7.264119804517898,10.246207923728589,7.068884675585345,8.150714770242159,6.179633272840602,9.522799703487092,7.23284424560543,12.574301772518162,7.531417372975274,8.757499987675004,5.400480789330465,4.831440693370608,9.93771118842811,4.825074880811749,4.531093431150227,5.74977207219311,7.3583795470169795,6.812428698734069,5.099737764880983,4.474808550803794,11.442231294068852,6.150289613291103,4.101112865801488,3.6858256956470594,8.91700953148761,6.791711234945071,5.721035747260454,4.772636175013202,3.119573982179859,5.9308986749895505,10.825377493586883,3.5034405615671886,6.0295360323580445,5.174473241439501,6.767966509253202,4.530363351115664,9.034051123516896,7.887080875716188,3.8526440327905513,3.6796443925071407,4.447878790446408,2.6832910041559677,2.9295304924536625,2.264583118846203,11.406959018957252,3.498776818268376,5.62836460355788,7.395085792852368,6.331694480637745,4.214602396114652,0.7926546944050346,2.904992028319773,0.0,0.5947496235428438,6.186532259480367,3.6176877201624924,2.2211869770046135,6.923019308936699,6.565859475307277,2.3201704324694594,21.490911010886556,25.432422454656386
62,11.158857117173326,10.115481414636612,9.407944432359175,8.459010370679538,13.11499498444405,11.820125650002955,9.307734540568623,9.018062303138258,7.619022924118644,10.109741761954973,7.336780058840569,8.139530177945328,6.341164546968809,9.314363895918804,7.182153413906739,12.247455123656248,7.394494992982442,8.538187330381108,5.5682336808023765,5.1424682487668445,9.642423307510294,4.9562315797897245,4.915784199052225,5.631890825735831,7.108889358464468,6.58902759763952,5.6669198414447415,4.492765770413916,11.065630916981524,5.9477094134222,4.193565632587751,3.889506517626345,8.57399860718209,6.513636009900583,5.5004143324459145,4.63443195447241,3.4668044857416653,5.674359826424865,10.42732471721713,3.5002093148070386,5.732351355691305,4.926324270539405,6.43621811356776,4.306433243371512,8.628073562461887,7.4953874970723335,3.6399416436463325,3.486632315699317,4.146022919639397,3.266659542664303,2.638613092856808,2.0601645220286615,10.931325300878228,3.1255322065798437,5.189989691664045,6.932390655188085,5.869639795428625,3.7566318313094103,1.367813652766868,2.415131808347537,0.5947496235428438,0.0,5.65168747270206,3.047840450705194,1.6272767408087214,6.347338466008612,5.981040088611988,2.0250608910971417,20.942556215942634,24.84402067360524
63,11.437100363735434,9.207562545164231,9.402614017368228,10.817351848501742,9.732643626028345,9.008389269489099,8.532500888528883,8.306124308816768,10.332354884130432,7.903024033798709,9.388390718219085,7.586694768368954,7.817203103795724,6.55109247747384,6.575325831233656,7.922981868222667,5.900323594829914,5.851097948329688,7.369823337060831,8.102225475568112,5.926693255515451,6.761093380961721,8.438700474088028,5.148416444627682,4.586906651088171,4.578828916505319,10.5014453033176,5.775029275162787,6.38170743827474,4.496876224291492,6.153430796838392,6.6895970886689975,4.563282861683444,3.9640975848322206,4.1664516068648,4.670420434416976,7.245981526703259,3.864669403628179,5.600246355270133,5.380298589509749,3.456149715882335,3.7849403771616603,3.3216725081024556,3.9542177611643194,3.928180504348582,3.208104351646781,4.083943325597784,4.234795410645041,3.3316686145986276,8.482387224936074,3.9648119711985768,4.615567587540716,5.47556412234516,3.244371397354422,1.708150454213148,1.9278228373047164,1.3803495934827779,2.2544565311143026,6.976267950145801,3.3150979668169,6.186532259480367,5.65168747270206,0.0,2.6850191288745724,4.21225308313219,1.4340455475906058,1.6745955952672602,6.152939998291651,15.310974095390987,20.52137463606644
64,11.429265800954116,9.695695432858253,9.452004050879598,9.801892157130847,11.473148164602447,10.447310281506674,8.921142615689769,8.650322737089324,9.134398469654176,8.992730719801365,8.450819350299625,7.804227419054942,7.044791450794106,7.867093088595269,6.737763024769034,10.089844069091884,6.4764717172458335,7.083193120686944,6.4022252703555,6.670464155629029,7.725875171649265,5.724593584978922,6.785048996226975,5.06045589375436,5.612627497393607,5.296805270407553,8.353695468686883,4.845595731227841,8.696870207485162,4.863701754120677,4.956154834705846,5.187351722450089,6.460600890499843,4.925079089790042,4.395581418808957,4.180948300367951,5.394811735617054,4.333056621053431,7.971648282240355,4.064508568254136,4.144963804923735,3.7902796624683455,4.549951552388111,3.4869188018647947,6.187180304176118,5.182824174814394,3.141901515999452,3.164333765678032,2.923887376669123,6.122710417274425,2.3445879949526627,2.6698194132923723,8.125906772316528,1.9646264709226549,2.8138479693041476,4.271165457810852,3.2742998949993614,1.5901814448581106,4.408555178505553,1.1426077878398389,3.6176877201624924,3.047840450705194,2.6850191288745724,0.0,1.529346432228571,3.3073294440885914,2.9815345928133694,3.524328519555344,17.90786897438551,22.16214754310424
65,11.605054744498576,10.189967288259282,9.717412780782476,9.418527753781785,12.54729526095286,11.3954562871941,9.389409821733588,9.105518399159388,8.65348987063988,9.809962813994844,8.166000193833149,8.229518712830934,6.937729203703345,8.82433453681502,7.19395388585308,11.373926105751544,7.158647709763464,8.033304140722695,6.211522578031916,6.137874423525401,8.89303923351703,5.54256356555226,6.080870842870468,5.526614075822339,6.5550561625396,6.1319437531591525,7.216465988579153,4.830698209182957,10.057650132438294,5.5811711112615745,4.740142180251101,4.715859956011972,7.700767682235077,5.895035716330851,5.104628739271905,4.540889637186129,4.619559291342369,5.1600825783739035,9.36202939936378,3.8857524607071317,5.0893111785554,4.484714651216159,5.6543179732125814,3.9913506273792394,7.561359938862652,6.4940981787660785,3.4361118675758635,3.36323789980959,3.6018913463886513,4.862850344174677,2.380163024838875,2.2445301074558537,9.630157224634695,2.4723347000786062,4.106349181811503,5.714957218266057,4.679372182974979,2.6916857559580536,2.9885794111157367,1.4238493016286793,2.2211869770046135,1.6272767408087214,4.21225308313219,1.529346432228571,0.0,4.764930036751048,4.372511711276735,2.1425286958597622,19.41659098691484,23.25498788229996
66,12.86498632222555,10.599897534698277,10.831131921851808,12.19953081157913,10.759021232650603,10.176915593935272,9.939629788844675,9.71856219523379,11.683738337620587,9.19541222045203,10.775341581981658,9.011471671243822,9.215738630413913,7.803402103999812,8.006014842101552,8.709887862380315,7.307396059862636,7.142536837437237,8.740183802825099,9.391204520589149,7.005559532670264,8.114927957292263,9.672165648254717,6.5789917600238415,5.9538268708231,5.987887198516024,11.556343594288872,7.133268626202249,7.077349436311743,5.928835801856565,7.470441213649817,7.945835944936955,5.646252309417556,5.356502692620024,5.600328175599122,6.0676847945796,8.404526392572217,5.297083497235602,6.265466670505038,6.65816439784909,4.88379504576189,5.20857828363459,4.692051035008311,5.33837016700464,4.801204550477757,4.336204636260887,5.39950616084394,5.531389435420049,4.701694663685987,9.403722703381053,5.115817496927653,5.6897737434510125,5.628754022704195,4.436773594086072,3.1419656760075116,2.956734574303369,2.7473870976954795,3.4646447450388886,7.712321501011163,4.234757746563467,6.923019308936699,6.347338466008612,1.4340455475906058,3.3073294440885914,4.764930036751048,0.0,0.5828236754576328,6.406924139476925,14.681103497839755,19.20140466132703
67,13.067676201877497,10.877101411727155,11.032937540389627,12.209366850748369,11.245254897408882,10.6115881437467,10.194422478219895,9.963758424833454,11.655505431878488,9.563741689817443,10.79524579020292,9.2280939173159,9.258276391206167,8.19473197076072,8.201873175950302,9.24847330774463,7.5642739000739985,7.5098417701163935,8.743707329505975,9.308980983241412,7.469370495172805,8.101513530958593,9.544962675717947,6.710748380658604,6.2614712500407865,6.243044291696318,11.312576799903702,7.130270094472013,7.627298729156082,6.122975663163197,7.4230535015108385,7.844367457341121,6.104585904774435,5.636382048773004,5.763084179361985,6.12337925130897,8.233336548467292,5.49079704164414,6.817669031440193,6.582967237924997,5.100469912812895,5.323528750128562,4.996174255332669,5.381570073784189,5.311535393158486,4.77235728586862,5.369125375906631,5.483055842071176,4.735165220422032,9.104238419666414,4.972877532903319,5.494959758659716,6.21154141794357,4.332223032603976,3.32547165276582,3.409245641040498,3.0516655155513064,3.3993326516992064,7.348849817005676,3.993916286334961,6.565859475307277,5.981040088611988,1.6745955952672602,2.9815345928133694,4.372511711276735,0.5828236754576328,0.0,5.913388465691176,15.146458332048395,19.308144782576584
68,13.17045405637154,12.026947824467332,11.390312249368273,10.444152283547602,14.663264387571715,13.471982199544765,11.219268369630207,10.930707290790394,9.583621219058985,11.837700214087667,9.352583817711421,10.049441814089697,8.36187977616357,10.914125417008135,9.055580004313395,13.514965521261827,9.14768738524656,10.12469526888689,7.5907833855512825,7.137146637789574,11.031600070678234,6.97188125557152,6.850962873524245,7.439018272688607,8.65345327064043,8.199714690774934,7.123155276046015,6.455481653759787,12.183068064772074,7.612599986810436,6.199102149028085,5.91409433086905,9.843158300003411,8.005688955386804,7.142448321511171,6.434187879740756,5.434764770807093,7.238362570556837,11.4754004737127,5.4613249028477595,7.200679150681897,6.531963478527962,7.790844602152522,5.981246793814473,9.679937224112715,8.628461483386674,5.36241489301713,5.2467402861673955,5.670328941025902,4.684648927042894,4.292317746009961,3.8943032660297847,11.625992082986842,4.548268937697779,6.238332642560385,7.792813594815507,6.779066974396096,4.833451101136697,2.6606830905463186,3.546762834523861,2.3201704324694594,2.0250608910971417,6.152939998291651,3.524328519555344,2.1425286958597622,6.406924139476925,5.913388465691176,0.0,21.05497552574319,23.859439377234395
69,22.388978702382214,19.635180890865627,20.874596014449747,24.194648962732803,15.286823371136046,16.433045650447834,19.528122090431268,19.5139069728866,24.107277034955512,17.30879400372378,22.876144059188768,19.408643806312146,21.375088577461813,16.271987022185996,18.9758528949231,12.921573752401093,17.869243042880036,16.373792881125723,21.315167501493743,22.522520786433788,14.703649865986982,20.9270269836868,23.08374845455681,18.622405096690436,16.609767673759354,17.162896787001408,25.56142749963435,20.049458112417184,12.445348159162368,17.683799937942272,20.62373438296702,21.374502790657857,14.557540767189042,16.61674326670744,17.73787216627887,18.82569141027835,22.19003666708747,17.318182738794526,12.453852745536054,20.10581787070794,16.914608740793664,17.828485255768573,16.113796062708005,18.36852553478369,13.648105778694434,14.698776233704104,18.825010851959007,19.02403067468372,17.959176472846377,23.7419301711892,19.101727933757566,19.814462961305168,10.736362505446431,18.37218312251402,16.229765809669694,14.47402417300583,15.455124672036645,17.442907083494866,22.28252434166329,18.623606455359237,21.490911010886556,20.942556215942634,15.310974095390987,17.90786897438551,19.41659098691484,14.681103497839755,15.146458332048395,21.05497552574319,0.0,13.009393761962519
70,31.096363805736072,28.41359722357048,29.180222857884335,31.30277070491351,25.622113374284073,26.19162567109936,27.990881867315668,27.85766428055198,30.851753788860975,26.30233955086269,29.869420203392114,27.389413578339724,28.278927494241216,24.919152812396792,26.566789061895403,22.860057245024915,25.5976578765874,24.63478789258111,27.881082606606064,28.592579664491375,23.41284582527465,27.281620990573916,28.852864761268656,25.47410613795361,24.110374859250125,24.433708870662205,30.46479763672412,26.29517684444689,21.63007927368582,24.648916321304807,26.665407186952283,27.142296757980592,22.578326873092152,23.757931438216872,24.452485603897863,25.16045368694608,27.529133298310562,24.0693068386287,21.186433343435766,25.859536330544937,23.61252209022132,24.209796781478964,23.07340152101088,24.46518635442956,21.384117569063893,21.94196694740483,24.592513240663,24.730367818640158,23.85178800991362,28.109434104191795,24.280905181487743,24.784924967424907,19.012210075387703,23.627737866012442,22.12632202551278,20.951097688457192,21.481904025684155,22.664972301002074,26.13644689711277,23.25898723350625,25.432422454656386,24.84402067360524,20.52137463606644,22.16214754310424,23.25498788229996,19.20140466132703,19.308144782576584,23.859439377234395,13.009393761962519,0.0
